CONTA;NATUREZA DO SALDO
100000000;D
110000000;D
111000000;D
111100000;D
111110000;D
111110100;D
111110200;D
111110600;D
111110602;D
111110603;D
111110604;D
111110700;D
111110701;D
111110702;D
111111900;D
111113000;D
111115000;D
111115100;D
111115200;D
111115300;D
111120000;D
111200000;D
111210000;D
111210100;D
111210200;D
111210300;D
111300000;D
111310000;D
111310100;D
111310200;D
111310300;D
111310400;D
111310500;D
111310600;D
111320000;D
111320100;D
111320101;D
111320102;D
112000000;D
112100000;D
112110000;D
112110100;D
112110101;D
112110102;D
112110103;D
112110104;D
112110105;D
112110106;D
112110107;D
112110108;D
112110199;D
112110200;D
112110201;D
112110202;D
112110300;D
112110301;D
112110400;D
112110401;D
112110500;D
112110502;D
112110599;D
112117000;D
112117100;D
112119900;D
112120000;D
112120100;D
112120101;D
112120102;D
112120103;D
112120104;D
112120105;D
112120106;D
112120107;D
112120108;D
112120199;D
112120200;D
112120201;D
112120202;D
112120300;D
112120301;D
112120400;D
112120401;D
112120500;D
112120502;D
112120599;D
112127000;D
112127100;D
112129900;D
112130000;D
112130100;D
112130101;D
112130102;D
112130103;D
112130104;D
112130105;D
112130106;D
112130107;D
112130108;D
112130199;D
112130200;D
112130201;D
112130202;D
112130300;D
112130301;D
112130400;D
112130401;D
112130500;D
112130599;D
112137000;D
112137100;D
112139900;D
112140000;D
112140100;D
112140101;D
112140102;D
112140103;D
112140104;D
112140105;D
112140106;D
112140107;D
112140108;D
112140199;D
112140200;D
112140201;D
112140202;D
112140300;D
112140301;D
112140400;D
112140401;D
112140500;D
112140599;D
112147000;D
112147100;D
112149900;D
112150000;D
112150100;D
112150101;D
112150102;D
112150103;D
112150104;D
112150105;D
112150106;D
112150107;D
112150108;D
112150199;D
112150200;D
112150201;D
112150202;D
112150300;D
112150301;D
112150400;D
112150401;D
112150500;D
112150599;D
112157000;D
112157100;D
112159900;D
112200000;D
112210000;D
112210100;D
112210300;D
112220000;D
112220100;D
112220300;D
112230000;D
112230100;D
112230300;D
112240000;D
112240100;D
112240300;D
112250000;D
112250100;D
112250300;D
112300000;D
112310000;D
112310100;D
112310200;D
112319900;D
112320000;D
112330000;D
112330100;D
112330101;D
112330102;D
112330103;D
112330104;D
112330105;D
112330200;D
112330201;D
112330202;D
112330203;D
112330300;D
112330400;D
112330500;D
112330501;D
112330700;D
112330701;D
112330799;D
112330800;D
112339900;D
112340000;D
112340100;D
112340101;D
112340102;D
112340199;D
112340300;D
112340700;D
112340701;D
112340799;D
112340800;D
112349900;D
112350000;D
112400000;D
112410000;D
112410100;D
112410101;D
112410200;D
112410201;D
112410300;D
112410301;D
112410302;D
112410700;D
112410701;D
112410702;D
112410703;D
112410704;D
112410705;D
112410706;D
112410707;D
112410708;D
112419900;D
112420000;D
112420100;D
112420101;D
112420200;D
112420201;D
112420300;D
112420301;D
112420302;D
112420700;D
112420701;D
112420702;D
112420703;D
112420704;D
112429900;D
112430000;D
112430100;D
112430101;D
112430200;D
112430201;D
112430300;D
112430301;D
112430302;D
112430700;D
112430701;D
112430702;D
112430703;D
112430704;D
112439900;D
112440000;D
112440100;D
112440101;D
112440200;D
112440201;D
112440300;D
112440301;D
112440302;D
112440700;D
112440701;D
112440702;D
112440703;D
112440704;D
112440800;D
112440801;D
112440802;D
112449900;D
112450000;D
112450100;D
112450101;D
112450200;D
112450201;D
112450300;D
112450301;D
112450302;D
112450700;D
112450701;D
112450702;D
112450703;D
112450704;D
112450800;D
112450801;D
112450802;D
112459900;D
112500000;D
112510000;D
112510100;D
112510101;D
112510102;D
112510103;D
112510104;D
112510105;D
112510106;D
112510107;D
112510108;D
112510199;D
112510200;D
112510201;D
112510202;D
112510300;D
112510301;D
112510400;D
112510401;D
112510500;D
112510600;D
112519900;D
112520000;D
112520100;D
112520101;D
112520102;D
112520103;D
112520104;D
112520105;D
112520106;D
112520107;D
112520108;D
112520199;D
112520200;D
112520201;D
112520202;D
112520300;D
112520301;D
112520400;D
112520401;D
112529900;D
112530000;D
112530100;D
112530101;D
112530102;D
112530103;D
112530104;D
112530105;D
112530106;D
112530107;D
112530108;D
112530199;D
112530200;D
112530201;D
112530202;D
112530300;D
112530301;D
112530400;D
112530401;D
112539900;D
112540000;D
112540100;D
112540101;D
112540102;D
112540103;D
112540104;D
112540105;D
112540106;D
112540107;D
112540108;D
112540199;D
112540200;D
112540201;D
112540202;D
112540300;D
112540301;D
112540400;D
112540401;D
112549900;D
112550000;D
112550100;D
112550101;D
112550102;D
112550103;D
112550104;D
112550105;D
112550106;D
112550107;D
112550108;D
112550199;D
112550200;D
112550201;D
112550202;D
112550300;D
112550301;D
112550400;D
112550401;D
112559900;D
112600000;D
112610000;D
112610200;D
112610201;D
112610202;D
112610203;D
112610299;D
112610300;D
112610400;D
112619900;D
112620000;D
112620200;D
112620201;D
112620202;D
112620203;D
112620299;D
112620300;D
112620400;D
112629900;D
112630000;D
112630200;D
112630201;D
112630202;D
112630203;D
112630299;D
112630300;D
112630400;D
112639900;D
112640000;D
112640200;D
112640201;D
112640202;D
112640203;D
112640299;D
112640300;D
112640400;D
112649900;D
112650000;D
112650200;D
112650201;D
112650202;D
112650203;D
112650299;D
112650300;D
112650400;D
112659900;D
112900000;C
112910000;C
112910100;C
112910101;C
112910102;C
112910103;C
112910104;C
112910170;C
112910199;C
112910200;C
112910201;C
112910300;C
112910301;C
112910302;C
112910399;C
112910400;C
112910401;C
112910402;C
112910403;C
112910404;C
112910499;C
112910500;C
112910700;C
112910701;C
112910702;C
112910703;C
112910704;C
112919900;C
112920000;C
112920100;C
112920101;C
112920102;C
112920103;C
112920104;C
112920170;C
112920199;C
112920200;C
112920201;C
112920300;C
112920301;C
112920302;C
112920399;C
112920400;C
112920401;C
112920402;C
112920403;C
112920404;C
112920500;C
112920700;C
112929900;C
112930000;C
112930100;C
112930101;C
112930102;C
112930103;C
112930104;C
112930170;C
112930199;C
112930200;C
112930201;C
112930300;C
112930301;C
112930302;C
112930399;C
112930400;C
112930401;C
112930402;C
112930403;C
112930404;C
112930500;C
112930700;C
112939900;C
112940000;C
112940100;C
112940101;C
112940102;C
112940103;C
112940104;C
112940170;C
112940199;C
112940200;C
112940201;C
112940300;C
112940301;C
112940302;C
112940399;C
112940400;C
112940401;C
112940402;C
112940403;C
112940404;C
112940500;C
112940700;C
112949900;C
112950000;C
112950100;C
112950101;C
112950102;C
112950103;C
112950104;C
112950170;C
112950199;C
112950200;C
112950201;C
112950300;C
112950301;C
112950302;C
112950399;C
112950400;C
112950401;C
112950402;C
112950403;C
112950404;C
112950500;C
112950700;C
112959900;C
113000000;D
113100000;D
113110000;D
113110100;D
113110101;D
113110102;D
113110103;D
113110104;D
113110105;D
113110199;D
113110200;D
113110300;D
113110400;D
113119900;D
113120000;D
113130000;D
113140000;D
113150000;D
113200000;D
113210000;D
113210100;D
113210200;D
113210300;D
113210400;D
113210500;D
113210600;D
113210700;D
113210800;D
113210900;D
113211000;D
113211100;D
113211200;D
113211300;D
113211400;D
113219900;D
113220000;D
113220100;D
113220200;D
113220300;D
113220400;D
113220500;D
113220600;D
113220700;D
113220800;D
113220900;D
113221000;D
113221100;D
113221200;D
113221300;D
113221400;D
113229900;D
113230000;D
113230100;D
113230200;D
113230300;D
113230400;D
113230500;D
113230600;D
113230700;D
113230800;D
113239900;D
113240000;D
113240100;D
113240200;D
113240300;D
113249900;D
113250000;D
113250100;D
113250200;D
113250300;D
113250400;D
113259900;D
113300000;D
113310000;D
113310100;D
113320000;D
113330000;D
113340000;D
113350000;D
113400000;D
113410000;D
113410100;D
113410101;D
113410102;D
113410103;D
113410104;D
113410105;D
113410106;D
113410107;D
113410108;D
113410109;D
113410199;D
113410200;D
113410201;D
113410202;D
113410203;D
113410204;D
113410205;D
113410206;D
113410207;D
113410208;D
113410209;D
113410210;D
113410211;D
113410212;D
113410213;D
113410214;D
113410215;D
113410299;D
113410300;D
113419900;D
113420000;D
113430000;D
113440000;D
113450000;D
113500000;D
113510000;D
113510100;D
113510200;D
113510300;D
113510400;D
113510500;D
113510600;D
113510700;D
113510800;D
113510802;D
113519900;D
113520000;D
113530000;D
113540000;D
113550000;D
113600000;D
113610000;D
113610100;D
113610101;D
113610102;D
113610200;D
113610201;D
113610202;D
113610300;D
113610301;D
113610400;D
113610401;D
113619900;D
113620000;D
113620100;D
113620101;D
113620102;D
113620103;D
113620104;D
113620200;D
113620201;D
113620202;D
113620203;D
113620204;D
113620300;D
113620301;D
113620302;D
113620303;D
113620304;D
113620400;D
113620500;D
113620600;D
113620800;D
113629900;D
113629901;D
113629902;D
113629999;D
113630000;D
113630100;D
113630200;D
113630300;D
113630301;D
113630302;D
113630303;D
113630304;D
113639900;D
113639901;D
113639902;D
113639999;D
113640000;D
113640100;D
113640200;D
113640300;D
113640301;D
113640302;D
113640303;D
113640304;D
113640305;D
113640306;D
113649900;D
113649901;D
113649902;D
113649999;D
113650000;D
113650100;D
113650200;D
113650300;D
113650301;D
113650302;D
113650303;D
113659900;D
113659901;D
113659902;D
113659999;D
113800000;D
113810000;D
113810100;D
113810200;D
113810300;D
113810400;D
113810600;D
113810700;D
113810800;D
113810900;D
113811000;D
113811100;D
113811200;D
113811300;D
113811400;D
113811500;D
113811600;D
113811700;D
113811800;D
113812000;D
113812700;D
113812800;D
113812900;D
113813100;D
113813200;D
113813300;D
113819900;D
113820000;D
113821700;D
113829900;D
113830000;D
113840000;D
113850000;D
113900000;C
113910000;C
113910300;C
113910400;C
113910401;C
113910402;C
113910403;C
113919900;C
113920000;C
113930000;C
113940000;C
113950000;C
114000000;D
114100000;D
114110000;D
114110100;D
114110200;D
114110300;D
114110400;D
114119900;D
114200000;D
114210000;D
114300000;D
114310000;D
114400000;D
114410000;D
114410100;D
114410101;D
114410102;D
114410103;D
114410104;D
114410105;D
114410106;D
114410107;D
114410108;D
114410109;D
114410200;D
114410201;D
114410202;D
114410300;D
114410301;D
114410302;D
114410303;D
114410400;D
114410401;D
114410402;D
114410403;D
114410500;D
114410600;D
114410700;D
114411100;D
114411101;D
114411102;D
114411103;D
114411104;D
114411105;D
114411106;D
114411107;D
114411108;D
114411109;D
114411200;D
114411201;D
114411202;D
114411300;D
114411301;D
114411302;D
114411303;D
114411400;D
114411401;D
114411402;D
114411403;D
114411500;D
114411600;D
114411700;D
114413000;D
114419900;D
114900000;C
114910000;C
114910100;C
114910200;C
114910300;C
114910400;C
114910500;C
114910600;C
114910700;C
114910800;C
114910900;C
114919900;C
115000000;D
115100000;D
115110000;D
115110100;D
115110200;D
115110300;D
115119900;D
115200000;D
115210000;D
115210100;D
115210200;D
115300000;D
115310000;D
115310100;D
115310200;D
115400000;D
115410000;D
115410100;D
115410200;D
115500000;D
115510000;D
115510100;D
115600000;D
115610000;D
115610100;D
115610200;D
115610300;D
115610400;D
115610500;D
115610600;D
115610700;D
115610800;D
115610900;D
115619900;D
115800000;D
115810000;D
115900000;C
115910000;C
115910100;C
115910200;C
116000000;D
116100000;D
116110000;D
116120000;D
116130000;D
116140000;D
116150000;D
116200000;D
116210000;D
116300000;D
116310000;D
116900000;C
116910000;C
116920000;C
116930000;C
116940000;C
116950000;C
117000000;D
117100000;D
117110000;D
119000000;D
119100000;D
119110000;D
119110100;D
119110200;D
119119900;D
119120000;D
119130000;D
119140000;D
119150000;D
119200000;D
119210000;D
119220000;D
119230000;D
119240000;D
119250000;D
119300000;D
119310000;D
119320000;D
119330000;D
119340000;D
119350000;D
119400000;D
119410000;D
119420000;D
119430000;D
119440000;D
119450000;D
119500000;D
119510000;D
119520000;D
119530000;D
119540000;D
119550000;D
119600000;D
119610000;D
119620000;D
119630000;D
119640000;D
119650000;D
119700000;D
119710000;D
119720000;D
119730000;D
119740000;D
119750000;D
119800000;D
119810000;D
119820000;D
119830000;D
119840000;D
119850000;D
119900000;D
119910000;D
119920000;D
119930000;D
119940000;D
119950000;D
120000000;D
121000000;D
121100000;D
121110000;D
121110100;D
121110101;D
121110102;D
121110103;D
121110104;D
121110105;D
121110170;D
121110171;D
121110199;D
121110200;D
121110201;D
121110300;D
121110301;D
121110302;D
121110303;D
121110304;D
121110305;D
121110306;D
121110307;D
121110308;D
121110309;D
121110310;D
121110311;D
121110312;D
121110399;D
121110400;D
121110401;D
121110402;D
121110403;D
121110404;D
121110406;D
121110407;D
121110500;D
121110501;D
121110502;D
121110503;D
121110504;D
121110600;D
121110601;D
121110603;D
121110700;D
121119700;D
121119900;C
121119901;C
121119902;C
121119903;C
121119904;C
121119905;C
121119906;C
121119907;C
121119999;C
121120000;D
121120100;D
121120200;D
121120300;D
121120400;D
121120500;D
121120600;D
121120601;D
121120602;D
121120603;D
121120604;D
121120605;D
121120606;D
121120607;D
121120608;D
121120609;D
121120610;D
121120696;D
121120697;D
121120698;D
121120699;D
121120700;D
121120800;D
121120801;D
121120802;D
121120803;D
121120899;D
121129700;D
121129900;C
121129901;C
121129902;C
121129903;C
121129904;C
121129905;C
121129999;C
121130000;D
121130100;D
121130200;D
121130300;D
121130400;D
121130500;D
121130600;D
121130601;D
121130602;D
121130603;D
121130604;D
121130605;D
121130698;D
121130699;D
121130700;D
121139700;D
121139900;C
121139901;C
121139902;C
121139903;C
121139904;C
121139905;C
121139999;C
121140000;D
121140100;D
121140200;D
121140300;D
121140301;D
121140302;D
121140303;D
121140304;D
121140305;D
121140306;D
121140307;D
121140308;D
121140309;D
121140310;D
121140311;D
121140312;D
121140313;D
121140314;D
121140399;D
121140400;D
121140500;D
121140600;D
121140601;D
121140602;D
121140603;D
121140604;D
121140605;D
121140698;D
121140699;D
121140700;D
121149700;D
121149900;C
121149901;C
121149902;C
121149903;C
121149904;C
121149905;C
121149999;C
121150000;D
121150100;D
121150200;D
121150300;D
121150301;D
121150302;D
121150303;D
121150304;D
121150305;D
121150306;D
121150307;D
121150308;D
121150309;D
121150310;D
121150399;D
121150400;D
121150500;D
121150600;D
121150601;D
121150602;D
121150603;D
121150604;D
121150605;D
121150698;D
121150699;D
121150700;D
121159700;D
121159900;C
121159901;C
121159902;C
121159903;C
121159904;C
121159905;C
121159999;C
121200000;D
121210000;D
121210100;D
121210101;D
121210199;D
121210200;D
121210201;D
121210202;D
121210203;D
121210204;D
121210205;D
121210206;D
121210207;D
121210208;D
121210209;D
121210210;D
121210211;D
121210212;D
121210213;D
121210214;D
121210299;D
121210300;D
121210400;D
121210401;D
121210403;D
121210404;D
121210405;D
121210406;D
121210407;D
121210408;D
121210409;D
121210410;D
121210499;D
121210500;D
121210501;D
121210502;D
121210503;D
121210504;D
121210505;D
121210506;D
121210507;D
121210508;D
121210509;D
121210510;D
121210511;D
121210512;D
121210513;D
121210514;D
121210515;D
121210599;D
121210600;D
121210601;D
121210602;D
121210603;D
121210604;D
121210605;D
121210606;D
121210607;D
121210699;D
121210700;D
121210900;D
121219800;D
121219801;D
121219802;D
121219803;D
121219804;D
121219805;D
121219806;D
121219807;D
121219808;D
121219809;D
121219899;D
121219900;C
121219901;C
121219902;C
121219903;C
121219907;C
121219998;C
121220000;D
121230000;D
121240000;D
121250000;D
121300000;D
121310000;D
121310100;D
121310101;D
121310102;D
121310103;D
121310109;D
121310199;D
121310200;D
121310201;D
121310202;D
121310300;D
121310400;D
121310900;D
121310901;D
121310902;D
121310903;D
121310904;D
121310905;D
121310906;D
121310907;D
121310908;D
121310909;D
121311000;D
121311001;D
121311002;D
121311100;D
121311101;D
121311102;D
121311103;D
121311200;D
121311201;D
121311202;D
121311203;D
121311300;D
121311400;D
121311500;D
121311600;D
121311601;D
121311602;D
121311603;D
121311604;D
121311605;D
121311606;D
121311607;D
121311608;D
121311609;D
121311700;D
121311701;D
121311702;D
121311800;D
121311801;D
121311802;D
121311803;D
121311900;D
121311901;D
121311902;D
121311903;D
121312000;D
121312100;D
121312200;D
121313000;D
121313100;D
121319800;D
121319900;C
121319901;C
121319902;C
121319903;C
121319904;C
121319905;C
121319906;C
121319907;C
121319908;C
121319909;C
121319910;C
121319911;C
121319999;C
121400000;D
121410000;D
121410100;D
121410200;D
121410300;D
121410400;D
121410500;D
121410600;D
121410700;D
121419800;D
121419900;C
121500000;D
121510000;D
121900000;D
121910000;D
121910100;D
121910200;D
121910300;D
121910400;D
121910500;D
121910600;D
121910700;D
121910800;D
121919900;D
121920000;D
121930000;D
121940000;D
121950000;D
122000000;D
122100000;D
122110000;D
122110100;D
122110101;D
122110102;D
122110103;D
122110104;D
122110105;D
122110106;D
122110107;D
122110108;D
122110109;D
122110195;D
122110196;D
122110197;C
122110198;C
122110199;D
122110200;D
122110201;D
122110203;D
122110205;D
122110206;D
122110299;D
122120000;D
122120100;D
122120101;D
122120102;D
122120103;D
122120104;D
122120105;D
122120106;D
122120107;D
122120108;D
122120109;D
122120195;D
122120196;D
122120197;C
122120198;C
122120199;D
122120200;D
122120201;D
122120203;D
122120205;D
122120206;D
122120299;D
122130000;D
122130100;D
122130101;D
122130102;D
122130103;D
122130104;D
122130105;D
122130106;D
122130107;D
122130108;D
122130109;D
122130195;D
122130196;D
122130197;C
122130198;C
122130199;D
122130200;D
122130201;D
122130203;D
122130205;D
122130206;D
122130299;D
122140000;D
122140100;D
122140101;D
122140102;D
122140103;D
122140104;D
122140105;D
122140106;D
122140107;D
122140108;D
122140109;D
122140195;D
122140196;D
122140197;C
122140198;C
122140199;D
122140200;D
122140201;D
122140203;D
122140205;D
122140206;D
122140299;D
122150000;D
122150100;D
122150101;D
122150102;D
122150103;D
122150104;D
122150105;D
122150106;D
122150107;D
122150108;D
122150109;D
122150195;D
122150196;D
122150197;C
122150198;C
122150199;D
122150200;D
122150201;D
122150203;D
122150205;D
122150206;D
122150299;D
122200000;D
122210000;D
122210100;D
122210101;D
122210102;D
122210199;D
122210200;D
122210201;D
122210202;D
122210299;D
122219900;D
122300000;D
122310000;D
122310100;D
122310101;D
122310102;D
122310200;D
122310202;D
122310203;D
122310204;D
122310205;D
122310206;D
122310207;D
122310299;D
122310300;D
122310400;D
122310500;D
122700000;D
122710000;D
122710100;D
122710200;D
122710300;D
122710400;D
122719900;D
122800000;C
122810000;C
122810100;C
122810101;C
122810102;C
122810199;C
122819900;C
122900000;C
122910000;C
122910100;C
122910101;C
122910102;C
122910200;C
122910201;C
122910202;C
122910300;C
122910500;C
122919900;C
122920000;C
122920100;C
122929900;C
122930000;C
122930100;C
122939900;C
122940000;C
122940100;C
122949900;C
122950000;C
122950100;C
122959900;C
123000000;D
123100000;D
123110000;D
123110100;D
123110101;D
123110102;D
123110103;D
123110104;D
123110105;D
123110106;D
123110107;D
123110108;D
123110109;D
123110110;D
123110111;D
123110112;D
123110113;D
123110114;D
123110115;D
123110116;D
123110117;D
123110118;D
123110119;D
123110120;D
123110121;D
123110199;D
123110200;D
123110201;D
123110202;D
123110300;D
123110301;D
123110302;D
123110303;D
123110304;D
123110400;D
123110401;D
123110402;D
123110403;D
123110404;D
123110405;D
123110406;D
123110499;D
123110500;D
123110501;D
123110502;D
123110503;D
123110504;D
123110505;D
123110506;D
123110600;D
123110700;D
123110701;D
123110702;D
123110704;D
123110800;D
123110801;D
123110803;D
123110805;D
123110900;D
123111000;D
123111100;D
123119900;D
123119901;D
123119902;D
123119908;D
123119999;D
123200000;D
123210000;D
123210100;D
123210101;D
123210102;D
123210103;D
123210104;D
123210105;D
123210106;D
123210107;D
123210108;D
123210109;D
123210110;D
123210111;D
123210112;D
123210113;D
123210114;D
123210115;D
123210116;D
123210117;D
123210118;D
123210119;D
123210120;D
123210121;D
123210122;D
123210198;D
123210400;D
123210401;D
123210402;D
123210403;D
123210404;D
123210405;D
123210407;D
123210408;D
123210409;D
123210410;D
123210411;D
123210412;D
123210413;D
123210414;D
123210415;D
123210416;D
123210417;D
123210418;D
123210499;D
123210500;D
123210501;D
123210502;D
123210503;D
123210504;D
123210505;D
123210506;D
123210507;D
123210508;D
123210509;D
123210510;D
123210511;D
123210599;D
123210600;D
123210601;D
123210602;D
123210603;D
123210605;D
123210700;D
123210800;D
123210900;D
123219900;D
123219901;D
123219902;D
123219903;D
123219905;D
123219906;D
123219999;D
123700000;C
123710000;C
123720000;C
123730000;C
123740000;C
123750000;C
123800000;C
123810000;C
123810100;C
123810101;C
123810102;C
123810103;C
123810104;C
123810105;C
123810106;C
123810108;C
123810109;C
123810110;C
123810199;C
123810200;C
123810201;C
123810202;C
123810203;C
123810205;C
123810206;C
123810299;C
123810300;C
123810400;C
123810500;C
123810600;C
123810700;C
123810800;C
123810900;C
123811000;C
123811100;C
123811200;C
123900000;C
123910000;C
123910100;C
123910101;C
123910102;C
123910103;C
123910104;C
123910105;C
123910106;C
123910107;C
123910108;C
123910109;C
123910110;C
123910199;C
123910200;C
123910201;C
123910202;C
123910203;C
123910204;C
123910205;C
123910206;C
123910299;C
123910300;C
123910400;C
124000000;D
124100000;D
124110000;D
124110100;D
124110200;D
124200000;D
124210000;D
124210100;D
124210200;D
124210300;D
124210400;D
124210500;D
124219900;D
124300000;D
124310000;D
124400000;D
124410000;D
124800000;C
124810000;C
124810100;C
124810200;C
124810300;C
124810400;C
124819900;C
124900000;C
124910000;C
124910100;C
124910200;C
124910300;C
124910400;C
124919900;C
125000000;D
125100000;D
125110000;D
125200000;D
125210000;D
125900000;C
125910000;C
125910100;C
125910200;C
200000000;C
210000000;C
211000000;C
211100000;C
211110000;C
211110100;C
211110101;C
211110102;C
211110103;C
211110104;C
211110105;C
211110199;C
211110400;C
211110401;C
211110402;C
211110403;C
211110500;C
211110501;C
211110502;C
211110503;C
211110600;C
211110700;C
211200000;C
211210000;C
211210100;C
211210400;C
211210401;C
211210402;C
211210403;C
211210500;C
211210501;C
211210502;C
211210503;C
211210600;C
211210700;C
211220000;C
211220500;C
211220501;C
211220502;C
211220503;C
211220504;C
211220600;C
211220700;C
211229900;C
211230000;C
211230500;C
211230501;C
211230502;C
211230503;C
211230504;C
211239900;C
211240000;C
211240500;C
211240501;C
211240502;C
211240503;C
211240504;C
211240505;C
211240506;C
211249900;C
211250000;C
211250500;C
211250501;C
211250502;C
211250503;C
211259900;C
211300000;C
211310000;C
211310100;C
211310300;C
211310301;C
211310302;C
211310303;C
211310400;C
211310401;C
211310402;C
211310403;C
211310500;C
211400000;C
211410000;C
211410100;C
211410101;C
211410102;C
211410103;C
211410104;C
211410400;C
211410500;C
211410600;C
211410700;C
211410800;C
211410900;C
211419800;C
211420000;C
211420100;C
211420200;C
211420201;C
211420202;C
211420300;C
211420500;C
211429900;C
211430000;C
211430100;C
211430101;C
211430102;C
211430103;C
211430104;C
211430300;C
211430301;C
211430400;C
211430500;C
211430600;C
211430700;C
211439800;C
211440000;C
211440300;C
211440301;C
211440600;C
211449800;C
211450000;C
211450300;C
211450301;C
211450600;C
211459800;C
211900000;C
211910000;C
211920000;C
212000000;C
212100000;C
212110000;C
212110100;C
212110101;C
212110102;D
212110198;C
212110200;C
212110201;C
212110205;C
212110298;C
212110300;C
212110400;C
212120000;C
212120100;C
212120200;C
212120201;C
212120299;C
212129900;C
212130000;C
212130100;C
212130101;C
212130102;D
212130198;C
212130200;C
212130201;C
212130205;C
212130298;C
212130400;C
212130401;C
212130500;C
212130501;C
212139900;C
212140000;C
212140100;C
212140101;C
212140102;D
212140198;C
212140200;C
212140201;C
212140205;C
212140298;C
212140300;C
212150000;C
212150100;C
212150101;C
212150102;D
212150198;C
212150200;C
212150201;C
212150205;C
212150298;C
212150300;C
212200000;C
212210000;C
212210100;C
212210200;C
212210300;C
212300000;C
212310000;C
212310100;C
212310101;C
212310102;C
212310103;C
212310198;C
212310200;C
212320000;C
212330000;C
212330100;C
212330101;C
212330102;C
212330103;C
212330198;C
212330200;C
212340000;C
212340100;C
212340101;C
212340102;C
212340103;C
212340198;C
212340200;C
212350000;C
212400000;C
212410000;C
212410100;C
212410101;C
212410102;C
212410198;C
212410200;C
212500000;C
212510000;C
212510100;C
212510200;C
212510300;C
212510400;C
212520000;C
212520100;C
212520200;C
212520300;C
212520400;C
212530000;C
212530100;C
212530101;C
212530199;C
212530200;C
212530201;C
212530299;C
212530300;C
212530400;C
212540000;C
212540100;C
212540200;C
212540300;C
212540400;C
212550000;C
212550100;C
212550200;C
212550300;C
212550400;C
212600000;C
212610000;C
212610100;C
212610200;C
212610300;C
212610400;C
212800000;D
212810000;D
212810100;D
212810200;D
212820000;D
212820100;D
212820200;D
212830000;D
212830100;D
212830200;D
212840000;D
212840100;D
212840200;D
212850000;D
212900000;D
212910000;D
212910100;D
212910200;D
213000000;C
213100000;C
213110000;C
213110100;C
213110101;C
213110102;C
213110103;C
213110199;C
213110300;C
213110301;C
213110302;C
213110303;C
213110399;C
213110500;C
213110501;C
213110502;C
213110503;C
213110600;C
213110601;C
213110602;C
213110603;C
213110700;C
213110701;C
213110702;C
213110703;C
213110800;C
213110801;C
213110802;C
213110803;C
213110900;C
213111000;C
213111100;C
213120000;C
213130000;C
213140000;C
213150000;C
213200000;C
213210000;C
213210100;C
213210101;C
213210102;C
213210103;C
213210199;C
213210200;C
213210201;C
213210202;C
213210203;C
213210299;C
214000000;C
214100000;C
214110000;C
214110100;C
214110200;C
214110300;C
214110400;C
214110500;C
214110600;C
214110800;C
214110900;C
214111000;C
214111100;C
214111200;C
214111300;C
214119900;C
214120000;C
214120100;C
214120200;C
214120300;C
214120400;C
214120500;C
214120600;C
214120800;C
214120900;C
214121000;C
214121100;C
214121200;C
214121300;C
214129900;C
214130000;C
214130100;C
214130200;C
214130300;C
214130400;C
214130500;C
214130600;C
214130800;C
214130900;C
214131000;C
214131100;C
214131200;C
214131300;C
214139900;C
214200000;C
214210000;C
214210100;C
214210101;C
214210102;C
214210200;C
214210300;C
214210400;C
214210500;C
214210600;C
214210700;C
214210800;C
214219900;C
214220000;C
214220100;C
214220101;C
214220102;C
214220200;C
214220300;C
214220400;C
214220500;C
214220600;C
214220700;C
214220800;C
214229900;C
214240000;C
214240100;C
214240101;C
214240102;C
214240200;C
214240300;C
214240400;C
214240500;C
214240600;C
214240700;C
214240800;C
214249900;C
214300000;C
214310000;C
214310100;C
214310200;C
214310300;C
214310400;C
214310600;C
214310700;C
214310800;C
214319900;C
214320000;C
214320100;C
214320200;C
214320300;C
214320400;C
214320600;C
214320700;C
214320800;C
214329900;C
214350000;C
214350100;C
214350200;C
214350300;C
214350400;C
214350600;C
214350700;C
214350800;C
214359900;C
215000000;C
215100000;C
215130000;C
215140000;C
215140100;C
215149900;C
215150000;C
215150100;C
215150200;C
215150300;C
215159900;C
215200000;C
215210000;C
215230000;C
215240000;C
215250000;C
215300000;C
215310000;C
215310100;C
215310200;C
215310300;C
215310400;C
215310500;C
215310600;C
215319900;C
215330000;C
215330100;C
215330300;C
215330400;C
215330500;C
215330600;C
215339900;C
215340000;C
215340100;C
215340300;C
215340400;C
215340500;C
215340600;C
215349900;C
215350000;C
215350100;C
215350300;C
215350400;C
215350500;C
215350600;C
215359900;C
215400000;C
215420000;C
215900000;C
215910000;C
215930000;C
215940000;C
215950000;C
217000000;C
217100000;C
217110000;C
217110100;C
217110200;C
217200000;C
217210000;C
217210800;C
217210801;C
217210802;D
217210803;D
217210804;C
217210805;D
217210806;D
217210899;D
217210900;C
217210901;C
217210902;D
217210999;D
217300000;C
217310000;C
217310100;C
217310101;C
217310102;C
217310200;C
217310201;C
217310202;C
217319900;C
217320000;C
217330000;C
217340000;C
217350000;C
217400000;C
217410000;C
217410100;C
217410200;C
217410300;C
217410400;C
217419900;C
217420000;C
217430000;C
217440000;C
217450000;C
217500000;C
217510000;C
217520000;C
217530000;C
217540000;C
217550000;C
217550100;C
217550200;C
217550300;C
217559900;C
217600000;C
217610000;C
217700000;C
217710000;C
217720000;C
217730000;C
217740000;C
217750000;C
217900000;C
217910000;C
217910100;C
217910200;C
217919900;C
217920000;C
217930000;C
217940000;C
217950000;C
218000000;C
218100000;C
218110000;C
218120000;C
218130000;C
218140000;C
218150000;C
218200000;C
218210000;C
218220000;C
218230000;C
218240000;C
218250000;C
218300000;C
218310000;C
218310100;C
218320000;C
218330000;C
218340000;C
218350000;C
218400000;C
218410000;C
218410100;C
218410200;C
218419600;C
218419700;D
218419800;D
218419900;C
218420000;C
218430000;C
218440000;C
218450000;C
218500000;C
218510000;C
218510100;C
218510200;C
218510300;C
218520000;C
218530000;C
218540000;C
218550000;C
218600000;C
218610000;C
218610100;C
218610200;C
218610300;C
218619900;C
218700000;C
218710000;C
218800000;C
218810000;C
218810100;C
218810101;C
218810102;C
218810103;C
218810104;C
218810105;C
218810106;C
218810107;C
218810108;C
218810109;C
218810110;C
218810111;C
218810112;C
218810113;C
218810114;C
218810115;C
218810116;C
218810117;C
218810199;C
218810200;C
218810300;C
218810301;C
218810302;C
218810400;C
218810401;C
218810402;C
218810403;C
218810404;C
218810405;C
218810499;C
218810800;C
218810801;C
218810802;C
218819900;C
218820000;C
218820100;C
218820101;C
218820102;C
218820104;C
218820106;C
218820107;C
218820108;C
218820109;C
218820112;C
218820199;C
218820200;C
218820300;C
218820400;C
218820800;C
218829900;C
218830000;C
218830100;C
218830102;C
218830104;C
218830106;C
218830199;C
218830200;C
218830300;C
218830400;C
218830800;C
218839900;C
218840000;C
218840100;C
218840107;C
218840109;C
218840199;C
218840200;C
218840300;C
218840400;C
218840800;C
218849900;C
218850000;C
218850100;C
218850108;C
218850109;C
218850199;C
218850200;C
218850300;C
218850400;C
218850800;C
218859900;C
218900000;C
218910000;C
218910100;C
218910101;C
218910102;C
218910104;C
218910105;C
218910106;C
218910108;C
218910199;C
218910200;C
218910300;C
218911200;C
218911300;C
218911400;C
218911600;C
218911700;C
218911800;C
218919800;C
218920000;C
218920100;C
218920104;C
218920105;C
218920106;C
218920107;C
218920199;C
218920200;C
218920201;C
218920202;C
218920300;C
218929800;C
218930000;C
218930100;C
218930105;C
218930106;C
218930199;C
218939800;C
218940000;C
218940100;C
218940105;C
218940106;C
218940199;C
218949800;C
218950000;C
218950100;C
218950105;C
218950106;C
218950199;C
218959800;C
220000000;C
221000000;C
221100000;C
221110000;C
221110100;C
221110300;C
221110301;C
221110302;C
221110303;C
221110400;C
221110401;C
221110402;C
221110403;C
221110500;C
221110700;C
221200000;C
221210000;C
221210200;C
221210201;C
221210202;C
221210203;C
221210300;C
221210301;C
221210302;C
221210303;C
221210400;C
221219800;C
221219900;C
221220000;C
221230000;C
221240000;C
221250000;C
221300000;C
221310000;C
221310100;C
221310200;C
221310201;C
221310202;C
221310203;C
221310300;C
221310301;C
221310302;C
221310303;C
221310400;C
221400000;C
221410000;C
221410100;C
221410200;C
221410300;C
221419900;C
221420000;C
221420100;C
221420200;C
221420201;C
221420202;C
221429900;C
221430000;C
221430100;C
221430101;C
221430200;C
221439900;C
221440000;C
221449900;C
221450000;C
221459900;C
221900000;C
221910000;C
221920000;C
222000000;C
222100000;C
222110000;C
222110100;C
222110101;C
222110102;D
222110198;C
222110200;C
222110298;C
222110300;C
222120000;C
222120100;C
222120200;C
222120201;C
222129900;C
222130000;C
222130100;C
222130101;C
222130102;D
222130198;C
222130200;C
222130298;C
222130400;C
222130401;C
222130500;C
222130501;C
222139900;C
222140000;C
222140100;C
222140101;C
222140102;D
222140198;C
222140200;C
222140298;C
222140300;C
222150000;C
222150100;C
222150101;C
222150102;D
222150198;C
222150200;C
222150298;C
222150300;C
222200000;C
222210000;C
222210100;C
222210200;C
222210300;C
222300000;C
222310000;C
222310100;C
222310101;C
222310102;C
222310103;C
222310198;C
222310200;C
222330000;C
222340000;C
222350000;C
222400000;C
222410000;C
222410100;C
222410101;C
222410102;C
222410200;C
222419800;C
222500000;C
222510000;C
222510100;C
222510101;C
222510102;C
222510200;C
222510201;C
222510202;C
222510300;C
222510301;C
222510302;C
222510400;C
222510401;C
222510402;C
222520000;C
222530000;C
222540000;C
222550000;C
222600000;C
222610000;C
222610100;C
222610101;C
222610102;C
222610200;C
222610201;C
222610202;C
222610300;C
222610301;C
222610302;C
222610400;C
222610401;C
222610402;C
222800000;D
222810000;D
222810100;D
222810200;D
222820000;D
222820100;D
222820200;D
222830000;D
222830100;D
222830200;D
222840000;D
222840100;D
222840200;D
222850000;D
222850100;D
222850200;D
222900000;D
222910000;D
222910100;D
222910200;D
223000000;C
223100000;C
223110000;C
223110100;C
223110101;C
223110102;C
223110103;C
223110199;C
223110400;C
223110401;C
223110402;C
223110403;C
223110500;C
223110501;C
223110502;C
223110503;C
223110600;C
223110601;C
223110602;C
223110603;C
223110700;C
223110701;C
223110702;C
223110703;C
223110800;C
223110900;C
223111000;C
223111001;C
223111002;C
223111003;C
223111099;C
223111100;C
223120000;C
223130000;C
223140000;C
223150000;C
223200000;C
223210000;C
223210100;C
223210101;C
223210102;C
223210103;C
223210199;C
223210200;C
223210201;C
223210202;C
223210203;C
223210299;C
224000000;C
224100000;C
224110000;C
224110100;C
224110200;C
224119900;C
224120000;C
224120100;C
224120200;C
224129900;C
224130000;C
224130100;C
224130200;C
224139900;C
224200000;C
224210000;C
224210100;C
224219900;C
224220000;C
224220100;C
224229900;C
224240000;C
224240100;C
224249900;C
224300000;C
224310000;C
224310100;C
224319900;C
224320000;C
224320100;C
224329900;C
224350000;C
224350100;C
224359900;C
225000000;C
225100000;C
225130000;C
225140000;C
225140100;C
225149900;C
225150000;C
225150100;C
225150200;C
225150300;C
225159900;C
225200000;C
225210000;C
225230000;C
225240000;C
225250000;C
225300000;C
225310000;C
225310100;C
225310200;C
225310300;C
225310400;C
225310500;C
225310600;C
225319900;C
225330000;C
225330100;C
225330300;C
225330400;C
225330500;C
225330600;C
225339900;C
225340000;C
225340100;C
225340300;C
225340400;C
225340500;C
225340600;C
225349900;C
225350000;C
225350100;C
225350300;C
225350400;C
225350500;C
225350600;C
225359900;C
225400000;C
225420000;C
225900000;C
225910000;C
225930000;C
225940000;C
225950000;C
227000000;C
227100000;C
227110000;C
227110100;C
227110200;C
227200000;C
227210000;C
227210100;C
227210101;C
227210103;D
227210104;D
227210105;D
227210199;D
227210200;C
227210201;C
227210202;D
227210203;D
227210204;D
227210299;D
227210300;C
227210301;C
227210303;D
227210304;D
227210305;D
227210399;D
227210400;C
227210401;C
227210402;D
227210403;D
227210404;D
227210499;D
227210800;C
227210801;C
227210802;D
227210803;D
227210804;C
227210805;D
227210806;D
227210899;D
227210900;C
227210901;C
227210902;D
227210999;D
227220000;C/D
227220100;D
227220101;D
227220200;D
227220203;D
227220500;C
227220501;C
227220502;C
227300000;C
227310000;C
227310100;C
227310101;C
227310102;C
227310200;C
227310201;C
227310202;C
227319900;C
227320000;C
227330000;C
227340000;C
227350000;C
227400000;C
227410000;C
227410100;C
227410200;C
227410300;C
227410400;C
227419900;C
227420000;C
227430000;C
227440000;C
227450000;C
227500000;C
227510000;C
227520000;C
227530000;C
227540000;C
227550000;C
227600000;C
227610000;C
227700000;C
227710000;C
227720000;C
227730000;C
227740000;C
227750000;C
227900000;C
227910000;C
227910100;C
227910200;C
227910300;C
227910301;C
227910302;C
227919900;C
227920000;C
227920900;C
227929900;C
227930000;C
227940000;C
227950000;C
228000000;C
228100000;C
228110000;C
228120000;C
228130000;C
228140000;C
228150000;C
228200000;C
228210000;C
228220000;C
228230000;C
228240000;C
228250000;C
228300000;C
228310000;C
228320000;C
228330000;C
228340000;C
228350000;C
228400000;C
228410000;C
228420000;C
228430000;C
228440000;C
228450000;C
228600000;C
228610000;C
228610100;C
228610200;C
228610300;C
228619900;C
228800000;C
228810000;C
228810100;C
228810101;C
228810102;C
228810103;C
228810104;C
228810105;C
228810106;C
228810107;C
228810108;C
228810109;C
228810110;C
228810111;C
228810112;C
228810113;C
228810114;C
228810115;C
228810116;C
228810117;C
228810199;C
228810200;C
228810300;C
228810301;C
228810302;C
228810400;C
228810401;C
228810402;C
228810403;C
228810404;C
228810405;C
228810499;C
228810800;C
228810801;C
228810802;C
228819900;C
228820000;C
228820100;C
228820101;C
228820102;C
228820104;C
228820106;C
228820107;C
228820108;C
228820109;C
228820112;C
228820199;C
228820200;C
228820300;C
228820400;C
228820800;C
228829900;C
228830000;C
228830100;C
228830102;C
228830104;C
228830106;C
228830199;C
228830200;C
228830300;C
228830400;C
228830800;C
228839900;C
228840000;C
228840100;C
228840107;C
228840199;C
228840200;C
228840300;C
228840400;C
228840800;C
228849900;C
228850000;C
228850100;C
228850108;C
228850109;C
228850199;C
228850200;C
228850300;C
228850400;C
228850800;C
228859900;C
228900000;C
228910000;C
228910100;C
228910101;C
228910102;C
228910104;C
228910200;C
228910300;C
228911200;C
228911300;C
228911400;C
228911600;C
228911700;C
228919800;C
228920000;C
228930000;C
228940000;C
228950000;C
229000000;C
229100000;C
229110000;C
229120000;C
229130000;C
229140000;C
229150000;C
229200000;D
229210000;D
229220000;D
229230000;D
229240000;D
229250000;D
230000000;C
231000000;C
231100000;C
231110000;C
231120000;C
231130000;C
231140000;C
231150000;C
231200000;C
231210000;C
231220000;C
231230000;C
231240000;C
231250000;C
232000000;C
232100000;C
232110000;C
232120000;C
232130000;C
232140000;C
232150000;C
233000000;C
233100000;C
233110000;C
233120000;C
233130000;C
233140000;C
233150000;C
233200000;C
233210000;C
233220000;C
233230000;C
233240000;C
233250000;C
233300000;C
233310000;C
233320000;C
233330000;C
233340000;C
233350000;C
233400000;C
233410000;C
233420000;C
233430000;C
233440000;C
233450000;C
233900000;C
233910000;C
233910100;C
233910200;C
233910300;C
233919900;C
233920000;C
233920100;C
233920200;C
233920300;C
233929900;C
233930000;C
233940000;C
233950000;C
234000000;C/D
234100000;C/D
234110000;C/D
234120000;C/D
234130000;C/D
234140000;C/D
234150000;C/D
234200000;C/D
234210000;C/D
234220000;C/D
234230000;C/D
234240000;C/D
234250000;C/D
235000000;C
235100000;C
235110000;C
235120000;C
235130000;C
235140000;C
235150000;C
235200000;C
235210000;C
235220000;C
235230000;C
235240000;C
235250000;C
235300000;C
235310000;C
235320000;C
235330000;C
235340000;C
235350000;C
235400000;C
235410000;C
235420000;C
235430000;C
235440000;C
235450000;C
235500000;C
235510000;C
235520000;C
235530000;C
235540000;C
235550000;C
235600000;C
235610000;C
235620000;C
235630000;C
235640000;C
235650000;C
235700000;C
235710000;C
235720000;C
235730000;C
235740000;C
235750000;C
235800000;C
235810000;C
235820000;C
235830000;C
235840000;C
235850000;C
235900000;C
235910000;C
235920000;C
235930000;C
235940000;C
235950000;C
236000000;C
236100000;C
236110000;C
236120000;C
236130000;C
236140000;C
236150000;C
236200000;C
236210000;C
236210100;C
236210101;C
236210102;C
236210200;C
236210201;C
236210202;C
236210300;C
236210301;C
236210400;C
236210401;C
236210402;C
236210403;C
236210500;C
236210501;C
236210502;C
236900000;C
236910000;C
236920000;C
236930000;C
236940000;C
236950000;C
237000000;C/D
237100000;C/D
237110000;C/D
237110100;C/D
237110200;C/D
237110300;C/D
237110400;C/D
237120000;C/D
237120100;C/D
237120200;C/D
237120300;C/D
237120400;C/D
237130000;C/D
237130100;C/D
237130200;C/D
237130300;C/D
237130400;C/D
237140000;C/D
237140100;C/D
237140200;C/D
237140300;C/D
237140400;C/D
237150000;C/D
237150100;C/D
237150200;C/D
237150300;C/D
237150400;C/D
237200000;C/D
237210000;C/D
237210100;C/D
237210200;C/D
237210300;C/D
237210400;C/D
237210500;C/D
237210600;C/D
237220000;C/D
237220100;C/D
237220200;C/D
237220300;C/D
237220400;C/D
237220500;C/D
237220600;C/D
237230000;C/D
237230100;C/D
237230200;C/D
237230300;C/D
237230400;C/D
237230500;C/D
237230600;C/D
237240000;C/D
237240100;C/D
237240200;C/D
237240300;C/D
237240400;C/D
237240500;C/D
237240600;C/D
237250000;C/D
237250100;C/D
237250200;C/D
237250300;C/D
237250400;C/D
237250500;C/D
237250600;C/D
239000000;D
239100000;D
239110000;D
239120000;D
239130000;D
239140000;D
239150000;D
239200000;D
239210000;D
239220000;D
239230000;D
239240000;D
239250000;D
300000000;D
310000000;D
311000000;D
311100000;D
311110000;D
311110100;D
311110101;D
311110102;D
311110103;D
311110104;D
311110105;D
311110106;D
311110107;D
311110108;D
311110109;D
311110110;D
311110112;D
311110113;D
311110114;D
311110115;D
311110116;D
311110117;D
311110118;D
311110119;D
311110120;D
311110121;D
311110122;D
311110123;D
311110124;D
311110125;D
311110126;D
311110127;D
311110128;D
311110129;D
311110130;D
311110131;D
311110132;D
311110133;D
311110135;D
311110136;D
311110199;D
311110200;D
311110201;D
311110202;D
311110203;D
311110204;D
311110205;D
311110206;D
311110207;D
311110208;D
311110209;D
311110210;D
311110211;D
311110212;D
311110213;D
311110299;D
311110300;D
311119900;D
311120000;D
311200000;D
311210000;D
311210100;D
311210101;D
311210102;D
311210103;D
311210104;D
311210105;D
311210106;D
311210107;D
311210108;D
311210109;D
311210110;D
311210111;D
311210112;D
311210113;D
311210114;D
311210115;D
311210116;D
311210117;D
311210118;D
311210119;D
311210120;D
311210121;D
311210122;D
311210123;D
311210124;D
311210125;D
311210126;D
311210127;D
311210128;D
311210129;D
311210130;D
311210131;D
311210132;D
311210133;D
311210135;D
311210199;D
311210200;D
311210201;D
311210202;D
311210203;D
311210204;D
311210205;D
311210206;D
311210207;D
311210208;D
311210209;D
311210210;D
311210299;D
311210300;D
311210400;D
311210401;D
311210402;D
311210403;D
311210404;D
311210405;D
311210406;D
311210408;D
311210409;D
311210410;D
311210411;D
311210412;D
311210413;D
311210414;D
311210415;D
311210416;D
311210417;D
311210418;D
311210419;D
311210420;D
311210421;D
311210422;D
311210423;D
311210424;D
311210427;D
311210499;D
311219900;D
311300000;D
311310000;D
311310100;D
311310101;D
311310102;D
311310103;D
311310104;D
311310105;D
311310106;D
311310107;D
311310108;D
311310109;D
311310110;D
311310111;D
311310112;D
311310113;D
311310114;D
311310115;D
311310116;D
311310117;D
311310199;D
311310200;D
311310201;D
311310202;D
311310203;D
311310204;D
311310299;D
311310300;D
311319900;D
312000000;D
312100000;D
312120000;D
312120100;D
312120200;D
312129900;D
312130000;D
312130200;D
312139900;D
312140000;D
312140200;D
312149900;D
312150000;D
312150200;D
312159900;D
312200000;D
312210000;D
312210100;D
312210300;D
312210400;D
312210500;D
312210600;D
312219900;D
312220000;D
312220100;D
312220300;D
312220400;D
312220500;D
312220600;D
312229900;D
312230000;D
312230100;D
312230300;D
312230400;D
312230500;D
312230600;D
312239900;D
312300000;D
312310000;D
312310100;D
312310200;D
312310300;D
312400000;D
312410000;D
312410100;D
312410200;D
312410300;D
312419900;D
312420000;D
312430000;D
312440000;D
312450000;D
312500000;D
312510000;D
312510100;D
312510200;D
312510300;D
312510400;D
312519900;D
312540000;D
312900000;D
312910000;D
312910100;D
312910200;D
312910300;D
312910400;D
312910500;D
312910600;D
312919900;D
312920000;D
312920100;D
312920200;D
312920300;D
312920400;D
312920500;D
312920600;D
312929900;D
312930000;D
312940000;D
312940100;D
312940200;D
312940300;D
312940400;D
312940500;D
312940600;D
312949900;D
312950000;D
313000000;D
313100000;D
313110000;D
313200000;D
313210000;D
313300000;D
313310000;D
319000000;D
319100000;D
319110000;D
319200000;D
319210000;D
319220000;D
319230000;D
319240000;D
319250000;D
319900000;D
319910000;D
319910100;D
319910200;D
319920000;D
319930000;D
319940000;D
319950000;D
320000000;D
321000000;D
321100000;D
321110000;D
321110100;D
321110101;D
321110102;D
321110103;D
321110104;D
321110105;D
321110106;D
321110107;D
321110199;D
321110200;D
321117000;D
321119900;D
321200000;D
321210000;D
321300000;D
321310000;D
321310100;D
321310101;D
321317000;D
321319900;D
321400000;D
321410000;D
321410100;D
321410101;D
321410102;D
321417000;D
321419900;D
321900000;D
321910000;D
322000000;D
322100000;D
322110000;D
322110100;D
322117000;D
322119900;D
322200000;D
322210000;D
322300000;D
322310000;D
322310100;D
322317000;D
322319900;D
322900000;D
322910000;D
323000000;D
323100000;D
323110000;D
323110100;D
323200000;D
323210000;D
323210100;D
323900000;D
323910000;D
324000000;D
324100000;D
324110000;D
324200000;D
324210000;D
324300000;D
324310000;D
324400000;D
324410000;D
325000000;D
325100000;D
325110000;D
329000000;D
329100000;D
329110000;D
329110100;D
329110200;D
329110300;D
329110400;D
329110500;D
329110600;D
329110700;D
329110800;D
329110900;D
329111000;D
329111100;D
329111200;D
329111201;D
329111202;D
329111203;D
329119900;D
329120000;D
329200000;D
329210000;D
329300000;D
329310000;D
329310100;D
329310200;D
329310300;D
329310400;D
329310500;D
329310600;D
329310700;D
329310800;D
329310900;D
329311000;D
329311001;D
329311002;D
329311003;D
329319900;D
329900000;D
329910000;D
329920000;D
330000000;D
331000000;D
331100000;D
331110000;D
331110100;D
331110300;D
331110400;D
331110500;D
331110600;D
331110700;D
331110800;D
331110900;D
331111000;D
331111100;D
331111300;D
331111400;D
331111500;D
331111600;D
331111700;D
331111800;D
331111900;D
331112000;D
331112100;D
331112200;D
331112300;D
331112400;D
331112500;D
331112600;D
331112700;D
331112800;D
331112900;D
331113000;D
331113100;D
331113200;D
331113300;D
331113400;D
331113500;D
331113600;D
331113700;D
331113800;D
331113900;D
331114000;D
331114100;D
331114200;D
331114300;D
331114400;D
331114500;D
331114600;D
331114800;D
331114900;D
331115000;D
331115100;D
331115200;D
331115300;D
331115400;D
331115500;D
331115600;D
331115700;D
331115800;D
331117100;D
331119800;D
331119900;D
331200000;D
331210000;D
331210100;D
331210200;D
331210300;D
331210400;D
331210500;D
331210600;D
331210700;D
331210800;D
331219900;D
331220000;D
331230000;D
331240000;D
331250000;D
332000000;D
332100000;D
332110000;D
332110100;D
332110200;D
332110300;D
332110400;D
332119900;D
332200000;D
332210000;D
332210100;D
332210200;D
332210300;D
332210400;D
332210500;D
332210600;D
332210700;D
332210800;D
332210900;D
332211000;D
332211100;D
332211200;D
332211300;D
332211400;D
332211500;D
332211600;D
332211800;D
332211900;D
332212000;D
332212100;D
332212200;D
332212300;D
332212400;D
332212500;D
332212600;D
332212700;D
332212800;D
332212900;D
332213000;D
332213100;D
332213400;D
332213500;D
332213600;D
332213700;D
332213800;D
332213900;D
332219800;D
332219900;D
332300000;D
332310000;D
332310100;D
332310200;D
332310300;D
332310400;D
332310500;D
332310600;D
332310700;D
332310800;D
332310900;D
332311000;D
332311100;D
332311200;D
332311300;D
332311400;D
332311500;D
332311600;D
332311700;D
332311800;D
332311900;D
332312000;D
332312100;D
332312200;D
332312300;D
332312400;D
332312500;D
332312600;D
332312700;D
332312800;D
332312900;D
332313000;D
332313100;D
332313200;D
332313300;D
332313400;D
332313500;D
332313600;D
332313700;D
332313800;D
332313900;D
332314000;D
332314100;D
332314200;D
332314300;D
332314400;D
332314500;D
332314600;D
332314700;D
332315100;D
332315200;D
332315400;D
332315500;D
332315600;D
332315700;D
332315800;D
332319800;D
332319900;D
332320000;D
332325200;D
332325300;D
332329900;D
332330000;D
332340000;D
332350000;D
332400000;D
332410000;D
332420000;D
332430000;D
332440000;D
332450000;D
333000000;D
333100000;D
333110000;D
333110100;D
333110101;D
333110102;D
333200000;D
333210000;D
333210100;D
333210200;D
333300000;D
333310000;D
333310100;D
340000000;D
341000000;D
341100000;D
341110000;D
341110100;D
341110200;D
341119900;D
341120000;D
341120100;D
341120200;D
341129900;D
341130000;D
341130100;D
341130200;D
341139900;D
341140000;D
341140100;D
341140200;D
341149900;D
341150000;D
341150100;D
341150200;D
341159900;D
341200000;D
341210000;D
341210100;D
341210200;D
341300000;D
341310000;D
341320000;D
341330000;D
341340000;D
341350000;D
341400000;D
341410000;D
341410100;D
341419900;D
341800000;D
341810000;D
341820000;D
341830000;D
341840000;D
341850000;D
341900000;D
341910000;D
342000000;D
342100000;D
342110000;D
342110100;D
342110200;D
342120000;D
342120100;D
342120200;D
342130000;D
342130100;D
342130200;D
342140000;D
342140100;D
342140200;D
342150000;D
342150100;D
342150200;D
342200000;D
342210000;D
342210100;D
342210200;D
342300000;D
342310000;D
342310100;D
342310101;D
342310102;D
342310103;D
342310199;D
342310200;D
342310201;D
342310202;D
342310203;D
342310299;D
342310300;D
342310301;D
342310302;D
342310303;D
342310399;D
342319900;D
342320000;D
342330000;D
342340000;D
342350000;D
342400000;D
342410000;D
342410100;D
342410200;D
342410300;D
342419900;D
342420000;D
342430000;D
342440000;D
342450000;D
342500000;D
342510000;D
342520000;D
342520100;D
342520101;D
342520102;D
342520199;D
342520200;D
342520201;D
342520202;D
342520299;D
342529900;D
342530000;D
342540000;D
342550000;D
342600000;D
342610000;D
342620000;D
342630000;D
342640000;D
342650000;D
342900000;D
342910000;D
342920000;D
342930000;D
342940000;D
342950000;D
343000000;D
343100000;D
343110000;D
343110100;D
343110200;D
343120000;D
343130000;D
343130100;D
343130200;D
343140000;D
343140100;D
343140200;D
343150000;D
343150100;D
343150200;D
343200000;D
343210000;D
343210100;D
343210200;D
343300000;D
343310000;D
343310100;D
343310200;D
343320000;D
343330000;D
343330100;D
343340000;D
343340100;D
343340200;D
343350000;D
343350100;D
343400000;D
343410000;D
343410100;D
343410200;D
343500000;D
343510000;D
343510100;D
343510200;D
343520000;D
343520100;D
343520200;D
343530000;D
343530100;D
343530200;D
343540000;D
343540100;D
343540200;D
343550000;D
343550100;D
343550200;D
343900000;D
343910000;D
343910100;D
343910101;D
343910102;D
343910170;D
343910199;D
343919900;D
343920000;D
343930000;D
343930100;D
343930101;D
343930102;D
343930170;D
343930171;D
343930199;D
343930200;D
343940000;D
343940100;D
343940200;D
343950000;D
343950100;D
343950200;D
344000000;D
344100000;D
344110000;D
344120000;D
344130000;D
344140000;D
344150000;D
345000000;D
345100000;D
345110000;D
345200000;D
345210000;D
346000000;D
346100000;D
346110000;D
346120000;D
346130000;D
346140000;D
346150000;D
348000000;D
348100000;D
348110000;D
348200000;D
348210000;D
349000000;D
349100000;D
349110000;D
349120000;D
349130000;D
349140000;D
349150000;D
349200000;D
349210000;D
349220000;D
349230000;D
349240000;D
349250000;D
349900000;D
349910000;D
349920000;D
349930000;D
349940000;D
349950000;D
350000000;D
351000000;D
351100000;D
351120000;D
351120100;D
351120200;D
351120300;D
351120400;D
351120500;D
351120800;D
351120900;D
351121300;D
351129900;D
351200000;D
351220000;D
351220100;D
351220101;D
351220103;D
351220104;D
351220199;D
351220200;D
351220201;D
351220202;D
351220203;D
351220204;D
351220205;D
351220206;D
351220299;D
351229900;D
351300000;D
351320000;D
351320100;D
351320101;D
351320102;D
351320199;D
351320200;D
351320201;D
351320202;D
351320203;D
351320204;D
351320205;D
351320206;D
351320299;D
351329900;D
351400000;D
351420000;D
351420100;D
351420101;D
351420102;D
351420200;D
351429900;D
351500000;D
351520000;D
352000000;D
352100000;D
352110000;D
352130000;D
352140000;D
352150000;D
352150100;D
352150200;D
352150300;D
352150400;D
352150500;D
352150600;D
352159900;D
352200000;D
352240000;D
352300000;D
352310000;D
352330000;D
352330100;D
352330200;D
352330300;D
352330400;D
352339900;D
352340000;D
352340100;D
352340200;D
352340300;D
352340400;D
352349900;D
352350000;D
352350100;D
352350200;D
352350300;D
352350400;D
352359900;D
352400000;D
352410000;D
352430000;D
352430100;D
352430101;D
352430102;D
352430103;D
352430104;D
352430199;D
352440000;D
352440100;D
352440101;D
352440102;D
352440103;D
352440104;D
352440199;D
352450000;D
352450100;D
352450101;D
352450102;D
352450103;D
352450104;D
352450199;D
353000000;D
353100000;D
353110000;D
353110100;D
353110200;D
353110300;D
353110400;D
353119900;D
353200000;D
353210000;D
353210100;D
353219900;D
354000000;D
354100000;D
354110000;D
355000000;D
355100000;D
355110000;D
356000000;D
356100000;D
356110000;D
357000000;D
357100000;D
357130000;D
357130100;D
357130200;D
357130300;D
357130400;D
357130500;D
357130600;D
357130700;D
357140000;D
357140100;D
357140200;D
357140300;D
357140400;D
357140500;D
357140600;D
357140700;D
357150000;D
357150100;D
357150200;D
357150300;D
357150400;D
357150500;D
357150600;D
357150700;D
357200000;D
357210000;D
357210100;D
357210200;D
357210300;D
357210400;D
357210500;D
357210600;D
357210700;D
359000000;D
359100000;D
359110000;D
359120000;D
359130000;D
359140000;D
359150000;D
360000000;D
361000000;D
361100000;D
361110000;D
361110100;D
361110101;D
361110102;D
361110103;D
361110104;D
361110105;D
361110106;D
361110107;D
361110108;D
361110109;D
361110110;D
361110199;D
361110200;D
361110201;D
361110202;D
361110203;D
361110204;D
361110205;D
361110206;D
361110299;D
361110300;D
361110400;D
361200000;D
361210000;D
361300000;D
361310000;D
361400000;D
361410000;D
361410100;D
361410200;D
361410300;D
361410500;D
361419900;D
361420000;D
361420100;D
361420200;D
361420300;D
361420500;D
361429900;D
361430000;D
361430100;D
361430200;D
361430300;D
361430500;D
361439900;D
361440000;D
361440100;D
361440200;D
361440300;D
361440500;D
361449900;D
361450000;D
361450100;D
361450200;D
361450300;D
361450500;D
361459900;D
361500000;D
361510000;D
361510100;D
361510101;D
361510102;D
361510103;D
361510104;D
361510105;D
361510106;D
361510107;D
361510108;D
361510109;D
361510110;D
361510199;D
361510200;D
361510201;D
361510202;D
361510203;D
361510204;D
361510205;D
361510206;D
361510299;D
361510300;D
361510400;D
361510500;D
361600000;D
361610000;D
361610100;D
361610200;D
361610300;D
361610400;D
361619900;D
361700000;D
361710000;D
361710100;D
361710200;D
361710300;D
361710400;D
361710500;D
361710600;D
361710700;D
361710701;D
361710702;D
361710703;D
361710704;D
361710800;D
361710900;D
361710901;D
361710902;D
361719800;D
361719900;D
361720000;D
361720100;D
361720200;D
361720300;D
361720400;D
361720500;D
361720600;D
361729900;D
361730000;D
361730100;D
361730200;D
361730300;D
361730400;D
361730500;D
361730600;D
361739900;D
361740000;D
361740100;D
361740200;D
361740300;D
361740400;D
361740500;D
361740600;D
361749900;D
361750000;D
361750100;D
361750200;D
361750300;D
361750400;D
361750500;D
361750600;D
361759900;D
361800000;D
361810000;D
361810100;D
361810200;D
361810300;D
361810400;D
361810500;D
361810600;D
361810700;D
361810800;D
362000000;D
362100000;D
362110000;D
362110100;D
362110200;D
362110300;D
362110400;D
362120000;D
362130000;D
362140000;D
362150000;D
362200000;D
362210000;D
362210100;D
362210101;D
362210102;D
362210103;D
362210104;D
362210105;D
362210106;D
362210107;D
362210108;D
362210109;D
362210110;D
362210199;D
362210200;D
362300000;D
362310000;D
362310100;D
362310200;D
362310300;D
362319900;D
362900000;D
362910000;D
362920000;D
362930000;D
362940000;D
362950000;D
363000000;D
363100000;D
363110000;D
363110100;D
363110101;D
363110102;D
363110103;D
363110104;D
363110105;D
363110106;D
363110107;D
363110108;D
363110109;D
363110110;D
363110199;D
363110200;D
363200000;D
363210000;D
363210100;D
363210200;D
363210300;D
363219900;D
363300000;D
363310000;D
363310100;D
363310200;D
363310300;D
363310400;D
363310500;D
363310600;D
363310700;D
363319900;D
363900000;D
363910000;D
364000000;D
364100000;D
364110000;D
364120000;D
364130000;D
364140000;D
364150000;D
365000000;D
365100000;D
365110000;D
365110100;D
365110200;D
365110300;D
365110400;D
365110500;D
365110600;D
365110700;D
365110800;D
365119900;D
365120000;D
365130000;D
365140000;D
365150000;D
370000000;D
371000000;D
371100000;D
371110000;D
371110100;D
371110200;D
371110300;D
371110400;D
371110500;D
371110600;D
371110700;D
371110800;D
371110900;D
371111000;D
371111100;D
371119900;D
371120000;D
371130000;D
371140000;D
371150000;D
371200000;D
371210000;D
371210100;D
371210200;D
371219900;D
371220000;D
371230000;D
371240000;D
371250000;D
371300000;D
371310000;D
371310100;D
371320000;D
371330000;D
371340000;D
371350000;D
372000000;D
372100000;D
372110000;D
372110100;D
372110200;D
372110300;D
372110400;D
372110500;D
372119900;D
372120000;D
372130000;D
372130100;D
372130200;D
372130300;D
372130400;D
372130500;D
372139900;D
372140000;D
372150000;D
372200000;D
372210000;D
372220000;D
372230000;D
372240000;D
372250000;D
372300000;D
372310000;D
372320000;D
372330000;D
372340000;D
372350000;D
372900000;D
372910000;D
372910100;D
372919900;D
372920000;D
372930000;D
372940000;D
372950000;D
380000000;D
381000000;D
381100000;D
381110000;D
381120000;D
381130000;D
381140000;D
381150000;D
382000000;D
382100000;D
382110000;D
382120000;D
382130000;D
382140000;D
382150000;D
383000000;D
383100000;D
383110000;D
383120000;D
383130000;D
383140000;D
383150000;D
390000000;D
391000000;D
391100000;D
391110000;D
391120000;D
391130000;D
391140000;D
391150000;D
391200000;D
391210000;D
391220000;D
391230000;D
391240000;D
391250000;D
391300000;D
391310000;D
391320000;D
391330000;D
391340000;D
391350000;D
391400000;D
391410000;D
391420000;D
391430000;D
391440000;D
391450000;D
391500000;D
391510000;D
391520000;D
391530000;D
391540000;D
391550000;D
391900000;D
391910000;D
391920000;D
391930000;D
391940000;D
391950000;D
392000000;D
392100000;D
392110000;D
392120000;D
392130000;D
392140000;D
392150000;D
393000000;D
393100000;D
393110000;D
393200000;D
393210000;D
393300000;D
393310000;D
393400000;D
393410000;D
393900000;D
393910000;D
394000000;D
394100000;D
394110000;D
394110100;D
394110200;D
394110300;D
394119900;D
394200000;D
394210000;D
394210100;D
394210200;D
394219900;D
394300000;D
394310000;D
394310100;D
394319900;D
394320000;D
394330000;D
394340000;D
394350000;D
394400000;D
394410000;D
394410100;D
394419900;D
394420000;D
394430000;D
394440000;D
394450000;D
394900000;D
394910000;D
394920000;D
394930000;D
394940000;D
394950000;D
395000000;D
395100000;D
395110000;D
395110100;D
395110200;D
395110300;D
395110400;D
395110500;D
395110600;D
395110700;D
395110800;D
395119900;D
395120000;D
395130000;D
395140000;D
395150000;D
396000000;D
396100000;D
396110000;D
396120000;D
396130000;D
396140000;D
396150000;D
396200000;D
396210000;D
396300000;D
396310000;D
396400000;D
396410000;D
396420000;D
396430000;D
396440000;D
396450000;D
396500000;D
396510000;D
396520000;D
396530000;D
396540000;D
396550000;D
397000000;D
397100000;D
397110000;D
397120000;D
397130000;D
397140000;D
397150000;D
397200000;D
397210000;D
397220000;D
397230000;D
397240000;D
397250000;D
397300000;D
397310000;D
397320000;D
397330000;D
397340000;D
397350000;D
397400000;D
397410000;D
397420000;D
397430000;D
397440000;D
397450000;D
397500000;D
397530000;D
397540000;D
397550000;D
397600000;D
397610000;D
397700000;D
397710000;D
397720000;D
397730000;D
397740000;D
397750000;D
397900000;D
397910000;D
397920000;D
397930000;D
397940000;D
397950000;D
399000000;D
399100000;D
399120000;D
399130000;D
399140000;D
399150000;D
399200000;D
399230000;D
399240000;D
399250000;D
399300000;D
399310000;D
399320000;D
399330000;D
399340000;D
399350000;D
399400000;D
399410000;D
399420000;D
399430000;D
399440000;D
399450000;D
399500000;D
399510000;D
399520000;D
399530000;D
399540000;D
399550000;D
399600000;D
399610000;D
399620000;D
399630000;D
399631100;D
399639900;D
399640000;D
399650000;D
399700000;D
399710000;D
399720000;D
399730000;D
399900000;D
399910000;D
399920000;D
399920100;D
399920200;D
399929900;D
399930000;D
399940000;D
399950000;D
400000000;C
410000000;C
411000000;C
411100000;C
411110000;C
411120000;C
411130000;C
411140000;C
411150000;C
411200000;C
411210000;C
411210100;C
411210200;C
411210300;C
411210301;C
411210302;C
411210400;C
411210500;C
411210600;C
411219700;D
411219900;C
411220000;C
411230000;C
411240000;C
411250000;C
411300000;C
411310000;C
411310100;C
411310200;C
411310300;C
411310400;C
411319700;D
411319900;C
411320000;C
411330000;C
411340000;C
411350000;C
411400000;C
411410000;C
411420000;C
411430000;C
411440000;C
411450000;C
411900000;C
411910000;C
411920000;C
411930000;C
411940000;C
411950000;C
412000000;C
412100000;C
412110000;C
412110100;C
412110200;C
412110300;C
412110400;C
412110500;C
412110600;C
412111100;C
412111101;C
412111102;C
412111199;C
412111400;C
412111500;C
412111501;C
412111502;C
412117000;C
412117100;C
412117200;C
412119700;D
412119711;D
412119714;D
412119715;D
412119770;D
412119771;D
412119772;D
412119798;D
412119799;D
412119900;C
412120000;C
412130000;C
412140000;C
412150000;C
412200000;C
412210000;C
412210700;C
412210900;C
412217000;C
412217100;C
412217200;C
412217300;C
412217400;C
412219700;D
412219707;D
412219709;D
412219770;D
412219771;D
412219772;D
412219773;D
412219774;D
412219798;D
412219799;D
412219900;C
412220000;C
412230000;C
412240000;C
412250000;C
413000000;C
413100000;C
413110000;C
413110100;C
413119700;D
413120000;C
413130000;C
413140000;C
413150000;C
413200000;C
413210000;C
413210100;C
413219700;D
413220000;C
413230000;C
413240000;C
413250000;C
413300000;C
413310000;C
413310100;C
413319700;D
413320000;C
413330000;C
413340000;C
413350000;C
413400000;C
413410000;C
413410100;C
413419700;D
413420000;C
413430000;C
413440000;C
413450000;C
413900000;C
413910000;C
413910100;C
413919700;D
413920000;C
413930000;C
413940000;C
413950000;C
420000000;C
421000000;C
421100000;C
421110000;C
421110200;C
421110201;C
421110202;C
421110203;C
421110204;C
421110205;C
421110206;C
421110299;C
421110300;C
421110400;C
421119700;D
421119701;D
421119702;D
421119900;C
421120000;C
421120100;C
421120101;C
421120102;C
421120199;C
421120300;C
421120400;C
421129700;D
421129701;D
421129900;C
421130000;C
421130100;C
421130101;C
421130102;C
421130199;C
421139700;D
421139701;D
421139900;C
421140000;C
421140100;C
421140101;C
421140102;C
421140199;C
421149700;D
421149701;D
421149900;C
421150000;C
421150100;C
421150101;C
421150102;C
421150199;C
421159700;D
421159701;D
421159900;C
421200000;C
421210000;C
421220000;C
421230000;C
421240000;C
421250000;C
421300000;C
421310000;C
421320000;C
421330000;C
421340000;C
421350000;C
421400000;C
421410000;C
421420000;C
421430000;C
421440000;C
421450000;C
421500000;C
421510000;C
421520000;C
421530000;C
421540000;C
421550000;C
421600000;C
421610000;C
421620000;C
421630000;C
421640000;C
421650000;C
421900000;C
421910000;C
421920000;C
421930000;C
421940000;C
421950000;C
422000000;C
422100000;C
422110000;C
422120000;C
422130000;C
422140000;C
422150000;C
423000000;C
423100000;C
423110000;C
423110100;C
423120000;C
423150000;C
424000000;C
424100000;C
424110000;C
424120000;C
424130000;C
430000000;C
431000000;C
431100000;C
431110000;C
431110100;C
431111100;C
431111101;C
431111102;C
431111103;C
431111199;C
431111200;C
431111201;C
431111202;C
431111203;C
431111204;C
431111205;C
431111206;C
431111207;C
431111208;C
431111209;C
431111210;C
431111299;C
431111300;C
431111400;C
431111401;C
431111402;C
431111403;C
431111404;C
431111405;C
431111499;C
431111500;C
431111599;C
431111600;C
431119900;C
431120000;C
431130000;C
431140000;C
431150000;C
431900000;D
431910000;D
431919700;D
431919701;D
431919702;D
431919703;D
431919705;D
431919706;D
431919707;D
431919708;D
431919900;D
431920000;D
431930000;D
431940000;D
431950000;D
432000000;C
432100000;C
432110000;C
432120000;C
432130000;C
432140000;C
432150000;C
432900000;D
432910000;D
432919700;D
432919701;D
432919702;D
432919703;D
432919704;D
432919705;D
432919706;D
432919707;D
432919708;D
432919900;D
432920000;D
432930000;D
432940000;D
432950000;D
433000000;C
433100000;C
433110000;C
433110100;C
433110200;C
433110300;C
433110400;C
433110500;C
433110600;C
433110700;C
433110800;C
433110900;C
433111000;C
433111100;C
433111200;C
433111300;C
433111400;C
433111500;C
433111600;C
433111700;C
433111800;C
433111900;C
433112000;C
433112100;C
433112200;C
433112300;C
433112400;C
433112500;C
433112600;C
433112700;C
433112800;C
433112900;C
433113000;C
433113100;C
433113200;C
433113300;C
433113400;C
433113500;C
433113600;C
433113700;C
433113800;C
433113900;C
433114000;C
433114100;C
433114200;C
433114300;C
433114400;C
433114500;C
433114600;C
433114700;C
433114800;C
433114900;C
433115000;C
433115100;C
433115200;C
433115300;C
433115400;C
433115500;C
433115600;C
433115700;C
433115800;C
433115900;C
433116000;C
433116100;C
433119800;C
433119900;C
433120000;C
433120100;C
433120200;C
433120300;C
433120400;C
433120500;C
433120600;C
433120700;C
433120800;C
433120900;C
433121000;C
433121100;C
433121200;C
433121300;C
433121400;C
433121500;C
433121600;C
433121700;C
433121800;C
433121900;C
433122000;C
433122100;C
433122200;C
433122300;C
433122400;C
433122500;C
433122600;C
433122700;C
433122800;C
433122900;C
433123000;C
433123100;C
433123200;C
433123300;C
433123400;C
433123500;C
433123600;C
433123700;C
433123800;C
433123900;C
433124000;C
433124100;C
433124200;C
433124300;C
433124400;C
433124500;C
433124600;C
433124700;C
433124800;C
433124900;C
433125000;C
433125100;C
433125200;C
433125300;C
433125400;C
433125500;C
433125600;C
433125700;C
433125800;C
433125900;C
433126000;C
433126100;C
433129700;C
433129800;C
433129900;C
433130000;C
433140000;C
433150000;C
433900000;D
433910000;D
433910100;D
433910200;D
433910300;D
433910500;D
433910600;D
433910700;D
433910900;D
433911000;D
433919900;D
433920000;D
433930000;D
433940000;D
433950000;D
440000000;C
441000000;C
441100000;C
441110000;C
441110100;C
441110200;C
441119900;C
441120000;C
441130000;C
441140000;C
441150000;C
441200000;C
441210000;C
441220000;C
441230000;C
441240000;C
441250000;C
441300000;C
441310000;C
441320000;C
441330000;C
441340000;C
441350000;C
441400000;C
441410000;C
442000000;C
442100000;C
442110000;C
442120000;C
442130000;C
442140000;C
442150000;C
442200000;C
442210000;C
442300000;C
442310000;C
442320000;C
442330000;C
442340000;C
442350000;C
442400000;C
442410000;C
442410100;C
442410200;C
442410300;C
442410400;C
442410500;C
442410600;C
442410700;C
442410800;C
442410900;C
442411000;C
442411100;C
442411300;C
442411400;C
442411500;C
442411600;C
442419700;D
442419900;C
442420000;C
442430000;C
442440000;C
442450000;C
442500000;C
442510000;C
442520000;C
442520100;C
442520101;C
442520102;C
442520199;C
442520200;C
442520201;C
442520202;C
442520299;C
442529900;C
442530000;C
442540000;C
442550000;C
442600000;C
442610000;C
442620000;C
442630000;C
442640000;C
442650000;C
442900000;C
442910000;C
442920000;C
442930000;C
442940000;C
442950000;C
443000000;C
443100000;C
443110000;C
443110100;C
443110200;C
443119900;C
443120000;C
443130000;C
443130100;C
443130200;C
443140000;C
443140100;C
443140200;C
443150000;C
443150100;C
443150200;C
443200000;C
443210000;C
443210100;C
443210200;C
443300000;C
443310000;C
443310100;C
443310200;C
443319900;C
443320000;C
443330000;C
443330100;C
443330200;C
443340000;C
443340100;C
443340200;C
443350000;C
443350100;C
443350200;C
443400000;C
443410000;C
443410100;C
443410200;C
443500000;C
443510000;C
443510100;C
443510200;C
443520000;C
443520100;C
443520200;C
443530000;C
443530100;C
443530200;C
443540000;C
443540100;C
443540200;C
443550000;C
443550100;C
443550200;C
443900000;C
443910000;C
443910100;C
443910101;C
443910102;C
443910170;C
443910199;C
443919900;C
443920000;C
443930000;C
443930100;C
443930101;C
443930102;C
443930170;C
443930171;C
443930199;C
443930200;C
443940000;C
443940100;C
443940200;C
443950000;C
443950100;C
443950200;C
444000000;C
444100000;C
444110000;C
444120000;C
444130000;C
444140000;C
444150000;C
445000000;C
445100000;C
445110000;C
445200000;C
445210000;C
445220000;C
446000000;C
446100000;C
446110000;C
446120000;C
446130000;C
446140000;C
446150000;C
446200000;C
446210000;C
446220000;C
446230000;C
446240000;C
446250000;C
448000000;C
448100000;C
448110000;C
449000000;C
449100000;C
449110000;C
449120000;C
449130000;C
449140000;C
449150000;C
450000000;C
451000000;C
451100000;C
451120000;C
451120100;C
451120200;C
451120300;C
451120400;C
451120500;C
451120800;C
451120900;C
451129900;C
451200000;C
451220000;C
451220100;C
451220101;C
451220103;C
451220199;C
451220200;C
451220201;C
451220202;C
451220203;C
451220204;C
451220205;C
451220206;C
451220207;C
451220299;C
451220900;C
451229900;C
451300000;C
451320000;C
451320100;C
451320101;C
451320102;C
451320199;C
451320200;C
451320201;C
451320202;C
451320203;C
451320204;C
451320205;C
451320206;C
451320299;C
451329900;C
451400000;C
451420000;C
451420100;C
451420101;C
451420102;C
451420199;C
451420200;C
451429900;C
451500000;C
451520000;C
452000000;C
452100000;C
452110000;C
452130000;C
452130100;C
452130200;C
452130300;C
452130400;C
452130500;C
452130600;C
452130700;C
452130800;C
452130900;C
452131000;C
452131100;C
452139900;C
452140000;C
452140100;C
452140200;C
452140300;C
452140400;C
452140500;C
452140600;C
452149900;C
452200000;C
452230000;C
452240000;C
452300000;C
452310000;C
452330000;C
452330100;C
452330200;C
452330300;C
452330400;C
452339900;C
452340000;C
452340100;C
452340200;C
452340300;C
452340400;C
452349900;C
452350000;C
452350100;C
452350200;C
452350300;C
452350400;C
452359900;C
452400000;C
452410000;C
452430000;C
452440000;C
452450000;C
453000000;C
453100000;C
453110000;C
453110100;C
453110200;C
453119900;C
453200000;C
453210000;C
453210100;C
453210200;C
453219900;C
454000000;C
454100000;C
454110000;C
454119900;C
455000000;C
455100000;C
455110000;C
456000000;C
456100000;C
456110000;C
457000000;C
457100000;C
457130000;C
457130100;C
457130200;C
457130300;C
457130400;C
457130500;C
457130600;C
457139900;C
457140000;C
457140100;C
457140200;C
457140300;C
457140400;C
457140500;C
457140600;C
457149900;C
457150000;C
457150100;C
457150200;C
457150300;C
457150400;C
457150500;C
457150600;C
457159900;C
457200000;C
457210000;C
457210100;C
457210200;C
457210300;C
457210400;C
457210500;C
457210600;C
457219900;C
458000000;C
458100000;C
458110000;C
459000000;C
459100000;C
459110000;C
459110100;C
459119900;C
459120000;C
459130000;C
459140000;C
459150000;C
460000000;C
461000000;C
461100000;C
461110000;C
461110100;C
461110101;C
461110102;C
461110103;C
461110104;C
461110105;C
461110106;C
461110107;C
461110108;C
461110109;C
461110110;C
461110199;C
461110200;C
461110201;C
461110202;C
461110203;C
461110204;C
461110205;C
461110206;C
461110299;C
461110300;C
461110400;C
461200000;C
461210000;C
461700000;C
461710000;C
461710700;C
461710800;C
461900000;C
461910000;C
462000000;C
462100000;C
462110000;C
462110100;C
462110200;C
462110300;C
462119900;C
462120000;C
462200000;C
462210000;C
462210100;C
462210101;C
462210102;C
462210103;C
462210104;C
462210105;C
462210107;C
462210108;C
462210109;C
462210110;C
462210199;C
462210200;C
462210201;C
462210202;C
462210203;C
462210299;C
462219700;D
462219701;D
462219702;D
462300000;C
462310000;C
462310100;C
462310200;C
462310300;C
462319900;C
462900000;C
462910000;C
463000000;C
463100000;C
463110000;C
463200000;C
463210000;C
463300000;C
463310000;C
463400000;C
463410000;C
463900000;C
463910000;C
463920000;C
463930000;C
463940000;C
463950000;C
464000000;C
464100000;C
464110000;C
464120000;C
464130000;C
464140000;C
464150000;C
465000000;C
465100000;C
465110000;C
465110100;C
465110200;C
465110300;C
465110500;C
465119900;C
465120000;C
465120100;C
465120200;C
465120300;C
465120500;C
465129900;C
465130000;C
465130100;C
465130200;C
465130300;C
465130500;C
465139900;C
465140000;C
465140100;C
465140200;C
465140300;C
465140500;C
465149900;C
465150000;C
465150100;C
465150200;C
465150300;C
465150500;C
465159900;C
465200000;C
465210000;C
465210100;C
465210101;C
465210102;C
465210103;C
465210104;C
465210105;C
465210106;C
465210107;C
465210108;C
465210109;C
465210110;C
465210199;C
465210200;C
465210201;C
465210202;C
465210203;C
465210204;C
465210205;C
465210206;C
465210299;C
465210300;C
465210400;C
465210500;C
465300000;C
465310000;C
465310100;C
465310200;C
465310300;C
465310400;C
465319900;C
466000000;C
466100000;C
466110000;C
466110100;C
466110101;C
466110102;C
466110103;C
466110104;C
466110105;C
466110106;C
466110107;C
466110108;C
466110109;C
466110110;C
466110199;C
466110200;C
466110201;C
466110202;C
466110203;C
466110204;C
466110205;C
466110206;C
466110299;C
490000000;C
491000000;C
491100000;C
491110000;C
491110100;C
491119900;D
491120000;C
491130000;C
491140000;C
491150000;C
492000000;C
492100000;C
492110000;C
492120000;C
492130000;C
492140000;C
492150000;C
492200000;C
492210000;C
492220000;C
492230000;C
492240000;C
492250000;C
493000000;C
493100000;C
493110000;C
493200000;C
493210000;C
493300000;C
493310000;C
493400000;C
493410000;C
493900000;C
493910000;C
495000000;C
495100000;C
495110000;C
495120000;C
495130000;C
495140000;C
495150000;C
497000000;C
497100000;C
497110000;C
497110100;C
497110200;C
497110300;C
497110400;C
497110500;C
497110600;C
497119900;C
497120000;C
497130000;C
497140000;C
497150000;C
497200000;C
497210000;C
497210100;C
497210200;C
497210300;C
497219900;C
497220000;C
497230000;C
497240000;C
497250000;C
499000000;C
499100000;C
499120000;C
499130000;C
499140000;C
499150000;C
499200000;C
499230000;C
499240000;C
499250000;C
499300000;C
499310000;C
499320000;C
499330000;C
499340000;C
499350000;C
499400000;C
499410000;C
499420000;C
499430000;C
499440000;C
499450000;C
499500000;C
499510000;C
499520000;C
499530000;C
499540000;C
499550000;C
499600000;C
499610000;C
499610100;C
499610200;C
499610300;C
499620000;C
499630000;C
499640000;C
499650000;C
499800000;C
499820000;C
499820100;C
499820101;C
499820102;C
499820103;C
499820199;C
499900000;C
499910000;C
499920000;C
499920200;C
499929900;C
499930000;C
499940000;C
499950000;C
500000000;D
510000000;D
511000000;D
511100000;D
511200000;C/D
512000000;D
512100000;D
512110000;D
512120000;D
512200000;D
512210000;D
512220000;D
520000000;D
521000000;D
521100000;D
521110000;D
521120000;C
521120100;C
521120101;C
521120102;C
521120200;C
521129900;C
521190000;D
521200000;C/D
521210000;D
521210100;D
521210200;D
521210300;C
521210301;C
521210302;C
521210400;C
521219900;C
521280000;D
521290000;C
522000000;D
522100000;D
522110000;D
522110100;D
522110200;D
522110201;D
522110209;C
522119900;D
522120000;D
522120100;D
522120200;D
522120201;D
522120202;D
522120203;D
522120300;D
522120301;D
522120302;D
522120303;D
522130000;D
522130100;D
522130200;D
522130300;D
522130400;D
522130500;D
522130600;D
522130700;D
522130900;C
522139900;C/D
522190000;C/D
522190100;D
522190101;D
522190109;C
522190200;D
522190201;D
522190209;C
522190400;C
522199900;C
522200000;D
522210000;D
522210100;D
522210200;D
522210900;D
522210901;D
522210909;C
522219900;D
522220000;D
522220100;D
522220101;D
522220109;C
522220200;D
522220201;D
522220209;C
522220900;D
522220901;D
522220909;C
522229900;D
522290000;D
522290100;D
522290200;D
522299900;D
522300000;D
522310000;D
522900000;D
522910000;D
522910100;D
522910200;D
522910300;C
522920000;D
522920100;D
522920101;D
522920102;D
522920103;C
522920104;C
522990000;D
530000000;D
531000000;D
531100000;D
531200000;D
531600000;D
531700000;D
532000000;D
532100000;D
532200000;D
532600000;D
532700000;D
600000000;C
610000000;C
611000000;C
611100000;C
611200000;C
611300000;C
611900000;C
612000000;C
612100000;C
612200000;C
612900000;C
620000000;C
621000000;C
621100000;C/D
621200000;C
621300000;D
621310000;D
621310100;D
621310200;D
621320000;D
621330000;D
621380000;C
621390000;D
621800000;C/D
621900000;C
622000000;C
622100000;C
622110000;C
622120000;C
622120100;C
622120200;C
622129900;C
622130000;C
622130100;C
622130200;C
622130300;C
622130400;C
622130500;C
622130600;C
622130700;C
622200000;C
622210000;C
622210100;C
622210200;C
622210900;C
622210901;C
622210909;D
622219900;C
622220000;C
622220100;C
622220101;C
622220200;C
622220201;C
622220900;C
622220901;C
622220909;D
622229900;C
622290000;C
622300000;C
622310000;C
622800000;C/D
622900000;C
622910000;C
622910100;C
622910200;C
622910300;C
622920000;C
622920100;C
622920101;C
622920102;C
622920103;C
622920104;C
622920900;C
622990000;C
630000000;C
631000000;C
631100000;C
631200000;C
631300000;C
631400000;C
631500000;C
631600000;C
631700000;C
631710000;C
631720000;C
631900000;C
631910000;C
631990000;C
632000000;C
632100000;C
632200000;C
632600000;C
632700000;C
632900000;C
632910000;C
632990000;C
700000000;D
710000000;D
711000000;D
711100000;D
711110000;D
711110100;D
711110101;D
711110102;D
711110103;D
711110104;D
711110105;D
711110106;D
711110107;D
711110108;D
711110199;D
711110200;D
711110201;D
711110202;D
711110203;D
711110204;D
711110205;D
711110206;D
711110207;D
711110208;D
711110299;D
711110300;D
711110301;D
711110302;D
711110303;D
711110399;D
711110400;D
711110401;D
711110402;D
711110403;D
711110499;D
711120000;D
711120100;D
711120101;D
711120102;D
711120103;D
711120104;D
711120105;D
711120106;D
711120107;D
711120108;D
711120199;D
711120200;D
711120201;D
711120202;D
711120203;D
711120204;D
711120205;D
711120206;D
711120207;D
711120208;D
711120299;D
711120300;D
711120301;D
711120302;D
711120303;D
711120399;D
711120400;D
711120401;D
711120402;D
711120403;D
711120404;D
711130000;D
711130100;D
711130101;D
711130102;D
711130103;D
711130104;D
711130105;D
711130106;D
711130107;D
711130108;D
711130199;D
711130200;D
711130201;D
711130202;D
711130203;D
711130204;D
711130205;D
711130206;D
711130207;D
711130208;D
711130299;D
711130300;D
711130301;D
711130302;D
711130303;D
711130399;D
711130400;D
711130401;D
711130402;D
711130403;D
711130499;D
711140000;D
711140100;D
711140101;D
711140102;D
711140103;D
711140104;D
711140105;D
711140106;D
711140107;D
711140108;D
711140199;D
711140200;D
711140201;D
711140202;D
711140203;D
711140204;D
711140205;D
711140206;D
711140207;D
711140208;D
711140299;D
711140300;D
711140301;D
711140302;D
711140303;D
711140399;D
711140400;D
711140401;D
711140402;D
711140403;D
711140499;D
711150000;D
711150100;D
711150101;D
711150102;D
711150103;D
711150104;D
711150105;D
711150106;D
711150107;D
711150108;D
711150199;D
711150200;D
711150201;D
711150202;D
711150203;D
711150204;D
711150205;D
711150206;D
711150207;D
711150208;D
711150299;D
711150300;D
711150301;D
711150302;D
711150303;D
711150399;D
711150400;D
711150401;D
711150402;D
711150403;D
711150499;D
711200000;D
711210000;D
711210100;D
711210200;D
711219900;D
711220000;D
711230000;D
711240000;D
711250000;D
711300000;D
711310000;D
711310100;D
711310200;D
711310300;D
711310400;D
711310500;D
711310800;D
711311200;D
711311300;D
711319900;D
711320000;D
711330000;D
711340000;D
711350000;D
711400000;D
711410000;D
711420000;D
711430000;D
711440000;D
711450000;D
711900000;D
711910000;D
711920000;D
711930000;D
711940000;D
711950000;D
712000000;D
712100000;D
712110000;D
712110100;D
712110101;D
712110102;D
712110103;D
712110104;D
712110105;D
712110106;D
712110107;D
712110199;D
712110200;D
712110201;D
712110202;D
712110203;D
712110204;D
712110205;D
712110206;D
712110299;D
712110300;D
712110301;D
712110302;D
712110303;D
712110304;D
712110400;D
712110401;D
712110402;D
712110403;D
712110499;D
712120000;D
712120100;D
712120101;D
712120102;D
712120103;D
712120104;D
712120105;D
712120106;D
712120107;D
712120199;D
712120200;D
712120201;D
712120202;D
712120203;D
712120204;D
712120205;D
712120206;D
712120299;D
712120300;D
712120301;D
712120302;D
712120303;D
712120399;D
712120400;D
712120401;D
712120402;D
712120403;D
712120499;D
712130000;D
712130100;D
712130101;D
712130102;D
712130103;D
712130104;D
712130105;D
712130106;D
712130107;D
712130199;D
712130200;D
712130201;D
712130202;D
712130203;D
712130204;D
712130205;D
712130206;D
712130299;D
712130300;D
712130301;D
712130302;D
712130303;D
712130399;D
712130400;D
712130401;D
712130402;D
712130403;D
712130499;D
712140000;D
712140100;D
712140101;D
712140102;D
712140103;D
712140104;D
712140105;D
712140106;D
712140107;D
712140199;D
712140200;D
712140201;D
712140202;D
712140203;D
712140204;D
712140205;D
712140206;D
712140299;D
712140300;D
712140301;D
712140302;D
712140303;D
712140399;D
712140400;D
712140401;D
712140402;D
712140403;D
712140499;D
712150000;D
712150100;D
712150101;D
712150102;D
712150103;D
712150104;D
712150105;D
712150106;D
712150107;D
712150199;D
712150200;D
712150201;D
712150202;D
712150203;D
712150204;D
712150205;D
712150206;D
712150299;D
712150300;D
712150301;D
712150302;D
712150303;D
712150399;D
712150400;D
712150401;D
712150402;D
712150403;D
712150499;D
712200000;D
712210000;D
712210100;D
712210200;D
712219900;D
712220000;D
712230000;D
712240000;D
712250000;D
712300000;D
712310000;D
712310100;D
712310200;D
712310300;D
712310400;D
712310500;D
712310600;D
712310700;D
712310800;D
712310801;D
712310802;D
712310803;D
712310899;D
712310900;D
712311000;D
712311100;D
712311200;D
712311300;D
712319900;D
712320000;D
712330000;D
712340000;D
712350000;D
712400000;D
712410000;D
712420000;D
712430000;D
712440000;D
712450000;D
712900000;D
712910000;D
712920000;D
712930000;D
712940000;D
712950000;D
720000000;D
721000000;D
721100000;D
721110000;D
721120000;D
721130000;D
721140000;D
721190000;D
721200000;D
721300000;D
721900000;D
722000000;D
722100000;D
722110000;D
722110100;D
722110200;D
722119900;D
722120000;D
722120100;D
722129900;D
722190000;D
722900000;D
723000000;D
724000000;D
730000000;D
731000000;D
731100000;D
731110000;D
731110100;D
731110200;D
731110300;D
731119900;D
731120000;D
731120100;D
732000000;D
732100000;D
732110000;D
732120000;D
732190000;D
740000000;D
741000000;D
741100000;D
741110000;D
741120000;D
741130000;D
741140000;D
741150000;D
741190000;D
742000000;D
742100000;D
742110000;D
742120000;D
742130000;D
742140000;D
750000000;D
752000000;D
753000000;D
753100000;D
753200000;D
753300000;D
753400000;D
753500000;D
753600000;D
753700000;D
760000000;D
761000000;D
761100000;D
761200000;D
761300000;D
761900000;D
762000000;D
763000000;D
763100000;D
763200000;D
763300000;D
764000000;D
764100000;D
764200000;D
764600000;D
764700000;D
780000000;D
790000000;D
791000000;D
791100000;D
791110000;D
791120000;D
791130000;D
791140000;D
791150000;D
791190000;D
791200000;D
791210000;D
791220000;D
791240000;D
791250000;D
791290000;D
792000000;D
795000000;D
795100000;D
795110000;D
795120000;D
799000000;D
800000000;C
810000000;C
811000000;C
811100000;C
811110000;C
811110100;C
811110101;C
811110102;C
811110103;C
811110104;C
811110105;C
811110106;C
811110107;C
811110108;C
811110109;C
811110110;C
811110111;C
811110112;C
811110113;C
811110114;C
811110115;C
811110116;C
811110198;C
811110199;C
811110200;C
811110201;C
811110202;C
811110203;C
811110204;C
811110205;C
811110206;C
811110207;C
811110208;C
811110209;C
811110210;C
811110211;C
811110212;C
811110213;C
811110214;C
811110215;C
811110216;C
811110298;C
811110299;C
811110300;C
811110301;C
811110302;C
811110303;C
811110304;C
811110305;C
811110306;C
811110398;C
811110399;C
811110400;C
811110401;C
811110402;C
811110403;C
811110404;C
811110405;C
811110406;C
811110498;C
811110499;C
811120000;C
811120100;C
811120101;C
811120102;C
811120103;C
811120104;C
811120105;C
811120106;C
811120107;C
811120108;C
811120109;C
811120110;C
811120111;C
811120112;C
811120113;C
811120114;C
811120115;C
811120116;C
811120198;C
811120199;C
811120200;C
811120201;C
811120202;C
811120203;C
811120204;C
811120205;C
811120206;C
811120207;C
811120208;C
811120209;C
811120210;C
811120211;C
811120212;C
811120213;C
811120214;C
811120215;C
811120216;C
811120298;C
811120299;C
811120300;C
811120301;C
811120302;C
811120303;C
811120304;C
811120305;C
811120306;C
811120398;C
811120399;C
811120400;C
811120401;C
811120402;C
811120403;C
811120404;C
811120405;C
811120406;C
811120498;C
811120499;C
811130000;C
811130100;C
811130101;C
811130102;C
811130103;C
811130104;C
811130105;C
811130106;C
811130107;C
811130108;C
811130109;C
811130110;C
811130111;C
811130112;C
811130113;C
811130114;C
811130115;C
811130116;C
811130198;C
811130199;C
811130200;C
811130201;C
811130202;C
811130203;C
811130204;C
811130205;C
811130206;C
811130207;C
811130208;C
811130209;C
811130210;C
811130211;C
811130212;C
811130213;C
811130214;C
811130215;C
811130216;C
811130298;C
811130299;C
811130300;C
811130301;C
811130302;C
811130303;C
811130304;C
811130305;C
811130306;C
811130398;C
811130399;C
811130400;C
811130401;C
811130402;C
811130403;C
811130404;C
811130405;C
811130406;C
811130498;C
811130499;C
811140000;C
811140100;C
811140101;C
811140102;C
811140103;C
811140104;C
811140105;C
811140106;C
811140107;C
811140108;C
811140109;C
811140110;C
811140111;C
811140112;C
811140113;C
811140114;C
811140115;C
811140116;C
811140198;C
811140199;C
811140200;C
811140201;C
811140202;C
811140203;C
811140204;C
811140205;C
811140206;C
811140207;C
811140208;C
811140209;C
811140210;C
811140211;C
811140212;C
811140213;C
811140214;C
811140215;C
811140216;C
811140298;C
811140299;C
811140300;C
811140301;C
811140302;C
811140303;C
811140304;C
811140305;C
811140306;C
811140398;C
811140399;C
811140400;C
811140401;C
811140402;C
811140403;C
811140404;C
811140405;C
811140406;C
811140498;C
811140499;C
811150000;C
811150100;C
811150101;C
811150102;C
811150103;C
811150104;C
811150105;C
811150106;C
811150107;C
811150108;C
811150109;C
811150110;C
811150111;C
811150112;C
811150113;C
811150114;C
811150115;C
811150116;C
811150198;C
811150199;C
811150200;C
811150201;C
811150202;C
811150203;C
811150204;C
811150205;C
811150206;C
811150207;C
811150208;C
811150209;C
811150210;C
811150211;C
811150212;C
811150213;C
811150214;C
811150215;C
811150216;C
811150298;C
811150299;C
811150300;C
811150301;C
811150302;C
811150303;C
811150304;C
811150305;C
811150306;C
811150398;C
811150399;C
811150400;C
811150401;C
811150402;C
811150403;C
811150404;C
811150405;C
811150406;C
811150498;C
811150499;C
811200000;C
811210000;C
811210100;C
811210101;C
811210102;C
811210103;C
811210104;C
811210105;C
811210106;C
811210107;C
811210108;C
811210109;C
811210110;C
811210111;C
811210112;C
811210199;C
811210200;C
811210201;C
811210202;C
811210203;C
811210204;C
811210205;C
811210206;C
811210207;C
811210208;C
811210209;C
811210210;C
811210299;C
811219900;C
811219901;C
811219902;C
811219903;C
811219904;C
811219905;C
811219906;C
811219907;C
811219908;C
811219909;C
811219910;C
811219999;C
811220000;C
811230000;C
811240000;C
811250000;C
811300000;C
811310000;C
811310100;C
811310101;C
811310102;C
811310200;C
811310201;C
811310202;C
811310300;C
811310301;C
811310302;C
811310400;C
811310401;C
811310402;C
811310500;C
811310501;C
811310502;C
811310800;C
811310801;C
811310802;C
811310803;C
811311200;C
811311201;C
811311202;C
811311203;C
811311300;C
811311301;C
811311302;C
811311303;C
811319900;C
811319901;C
811319902;C
811319903;C
811320000;C
811330000;C
811340000;C
811350000;C
811400000;C
811410000;C
811420000;C
811430000;C
811440000;C
811450000;C
811900000;C
811910000;C
811920000;C
811930000;C
811940000;C
811950000;C
812000000;C
812100000;C
812110000;C
812110100;C
812110101;C
812110103;C
812110104;C
812110106;C
812110107;C
812110109;C
812110110;C
812110112;C
812110113;C
812110115;C
812110116;C
812110118;C
812110119;C
812110121;C
812110122;C
812110123;C
812110200;C
812110201;C
812110203;C
812110204;C
812110206;C
812110207;C
812110209;C
812110210;C
812110212;C
812110213;C
812110215;C
812110216;C
812110218;C
812110219;C
812110221;C
812110300;C
812110301;C
812110303;C
812110304;C
812110306;C
812110307;C
812110309;C
812110310;C
812110312;C
812110400;C
812110401;C
812110403;C
812110404;C
812110406;C
812110407;C
812110409;C
812110410;C
812110412;C
812120000;C
812120100;C
812120101;C
812120103;C
812120104;C
812120106;C
812120107;C
812120109;C
812120110;C
812120112;C
812120113;C
812120115;C
812120116;C
812120118;C
812120119;C
812120121;C
812120122;C
812120123;C
812120200;C
812120201;C
812120203;C
812120204;C
812120206;C
812120207;C
812120209;C
812120210;C
812120212;C
812120213;C
812120215;C
812120216;C
812120218;C
812120219;C
812120221;C
812120300;C
812120301;C
812120303;C
812120304;C
812120306;C
812120307;C
812120309;C
812120310;C
812120312;C
812120400;C
812120401;C
812120403;C
812120404;C
812120406;C
812120407;C
812120409;C
812120410;C
812120412;C
812130000;C
812130100;C
812130101;C
812130103;C
812130104;C
812130106;C
812130107;C
812130109;C
812130110;C
812130112;C
812130113;C
812130115;C
812130116;C
812130118;C
812130119;C
812130121;C
812130122;C
812130123;C
812130200;C
812130201;C
812130203;C
812130204;C
812130206;C
812130207;C
812130209;C
812130210;C
812130212;C
812130213;C
812130215;C
812130216;C
812130218;C
812130219;C
812130221;C
812130300;C
812130301;C
812130303;C
812130304;C
812130306;C
812130307;C
812130309;C
812130310;C
812130312;C
812130400;C
812130401;C
812130403;C
812130404;C
812130406;C
812130407;C
812130409;C
812130410;C
812130412;C
812140000;C
812140100;C
812140101;C
812140103;C
812140104;C
812140106;C
812140107;C
812140109;C
812140110;C
812140112;C
812140113;C
812140115;C
812140116;C
812140118;C
812140119;C
812140121;C
812140122;C
812140123;C
812140200;C
812140201;C
812140203;C
812140204;C
812140206;C
812140207;C
812140209;C
812140210;C
812140212;C
812140213;C
812140215;C
812140216;C
812140218;C
812140219;C
812140221;C
812140300;C
812140301;C
812140303;C
812140304;C
812140306;C
812140307;C
812140309;C
812140310;C
812140312;C
812140400;C
812140401;C
812140403;C
812140404;C
812140406;C
812140407;C
812140409;C
812140410;C
812140412;C
812150000;C
812150100;C
812150101;C
812150103;C
812150104;C
812150106;C
812150107;C
812150109;C
812150110;C
812150112;C
812150113;C
812150115;C
812150116;C
812150118;C
812150119;C
812150121;C
812150122;C
812150123;C
812150200;C
812150201;C
812150203;C
812150204;C
812150206;C
812150207;C
812150209;C
812150210;C
812150212;C
812150213;C
812150215;C
812150216;C
812150218;C
812150219;C
812150221;C
812150300;C
812150301;C
812150303;C
812150304;C
812150306;C
812150307;C
812150309;C
812150310;C
812150312;C
812150400;C
812150401;C
812150403;C
812150404;C
812150406;C
812150407;C
812150409;C
812150410;C
812150412;C
812200000;C
812210000;C
812210100;C
812210101;C
812210102;C
812210103;C
812210104;C
812210105;C
812210106;C
812210107;C
812210108;C
812210109;C
812210110;C
812210111;C
812210112;C
812210199;C
812210200;C
812210201;C
812210202;C
812210203;C
812210204;C
812210205;C
812210206;C
812210207;C
812210208;C
812210209;C
812210210;C
812210299;C
812219900;C
812219901;C
812219902;C
812219903;C
812219904;C
812219905;C
812219906;C
812219907;C
812219908;C
812219909;C
812219910;C
812219999;C
812220000;C
812230000;C
812240000;C
812250000;C
812300000;C
812310000;C
812310100;C
812310101;C
812310102;C
812310200;C
812310201;C
812310202;C
812310300;C
812310301;C
812310302;C
812310400;C
812310401;C
812310402;C
812310500;C
812310501;C
812310502;C
812310600;C
812310601;C
812310602;C
812310700;C
812310701;C
812310702;C
812310800;C
812310801;C
812310802;C
812310803;C
812310804;C
812310805;C
812310806;C
812310900;C
812310901;C
812310902;C
812310903;C
812311000;C
812311001;C
812311002;C
812311003;C
812311004;C
812311005;C
812311006;C
812311007;C
812311008;C
812311009;C
812311010;C
812311100;C
812311101;C
812311102;C
812311103;C
812311104;C
812311105;C
812311106;C
812311107;C
812311108;C
812311109;C
812311110;C
812311200;C
812311201;C
812311202;C
812311203;C
812311300;C
812311301;C
812311302;C
812311303;C
812319900;C
812319901;C
812319902;C
812319903;C
812320000;C
812330000;C
812340000;C
812350000;C
812400000;C
812410000;C
812420000;C
812430000;C
812440000;C
812450000;C
812900000;C
812910000;C
812920000;C
812930000;C
812940000;C
812950000;C
820000000;C
821000000;C
821100000;C
821110000;C/D
821110100;C/D
821110200;C
821119900;C
821120000;C
821120100;C
821120200;C
821129900;C
821130000;C
821130100;C
821130200;C
821130300;C
821130400;C
821139900;C
821140000;C
821140100;C
821140200;C
821140300;C
821140400;C
821140500;C
821149900;C
821150000;C
821190000;C
821200000;C
821300000;C
821900000;C
822000000;C
822100000;C
822110000;C
822110100;C
822110101;C
822110102;C
822110103;C
822110104;C
822110200;C
822110201;C
822110202;C
822110203;C
822110204;C
822119900;C
822120000;C
822120100;C
822120101;C
822120102;C
822129900;C
822190000;C
822900000;C
823000000;C
824000000;C
830000000;C
831000000;C
831100000;C
831110000;C
831110100;C
831110200;C
831110300;C
831119900;C
831120000;C
831120100;C
831200000;C
831210000;C
831210100;C
831210200;C
831210300;C
831219900;C
831220000;C
831220100;C
831300000;C
831310000;C
831310100;C
831310200;C
831310300;C
831319900;C
831320000;C
831320100;C
831400000;C
831410000;C
831410100;C
831410200;C
831410300;C
831419900;C
831420000;C
831420100;C
832000000;C
832100000;C
832110000;C
832120000;C
832200000;C
832210000;C
832220000;C
832300000;C
832310000;C
832310100;C
832310200;C
832319900;C
832320000;C
832320100;C
832320200;C
832329900;C
832400000;C
832410000;C
832410100;C
832410200;C
832419900;C
832420000;C
832420100;C
832420200;C
832429900;C
832500000;C
832510000;C
832510100;C
832510200;C
832519900;C
832520000;C
832520100;C
832520200;C
832529900;C
832900000;C
840000000;C
841000000;C
841100000;C
841110000;C
841120000;C
841130000;C
841140000;C
841150000;C
841190000;C
841200000;C
841210000;C
841220000;C
841230000;C
841240000;C
841250000;C
841290000;C
841900000;C
842000000;C
842100000;C
842110000;C
842120000;C
842130000;C
842140000;C
842200000;C
842900000;C
850000000;C
852000000;C
852100000;C
852200000;C
852300000;C
852400000;C
852500000;C
852600000;C
852900000;C
853000000;C
853100000;C
853200000;C
853210000;C
853220000;C
853230000;C
853240000;C
853250000;C
853260000;C
853270000;C
853300000;C
853310000;C
853320000;C
853330000;C
853340000;C
853350000;C
853360000;C
853370000;C
853380000;C
853400000;C
853410000;C
853420000;C
853430000;C
853440000;C
853450000;C
853500000;C
853600000;C
853700000;C
860000000;C
861000000;C
861100000;C
861110000;C
861110100;C
861110200;C
861110300;C
861110400;C
861110500;C
861110600;C
861119900;C
861120000;C
861120100;C
861120200;C
861120300;C
861120400;C
861120500;C
861120600;C
861129900;C
861200000;C
861210000;C
861210100;C
861219900;C
861220000;C
861220100;C
861229900;C
861300000;C
861310000;C
861310100;C
861320000;C
861320100;C
861900000;C
861910000;C
861910100;C
861910200;C
861920000;C
861920100;C
861920200;C
862000000;C
863000000;C
863100000;C
863110000;C
863110100;C
863110200;C
863110300;C
863120000;C
863120100;C
863120200;C
863120300;C
863140000;C
863150000;C
863150100;C
863150101;C
863150102;C
863150103;C
863150199;C
863150200;C
863159900;C
863200000;C
863210000;C
863220000;C
863300000;C
863310000;C
863320000;C
864000000;C
864100000;C
864110000;C
864120000;C
864130000;C
864190000;C
864200000;C
864210000;C
864210100;C
864210101;C
864210102;C
864210103;C
864210104;C
864210105;C
864210106;C
864210107;C
864210199;C
864210200;C
864210201;C
864210202;C
864210203;C
864210204;C
864210205;C
864210206;C
864210207;C
864210299;C
864219900;C
864219901;C
864219902;C
864219903;C
864219904;C
864219905;C
864219906;C
864219907;C
864219999;C
864220000;C
864230000;C
864290000;C
864600000;C
864610000;C
864620000;C
864630000;C
864690000;C
864700000;C
864710000;C
864720000;C
864730000;C
864790000;C
880000000;C
890000000;C
891000000;C
891100000;C
891110000;C
891120000;C
891140000;C
891140100;C
891140200;C
891150000;C
891150100;C
891150200;C
891190000;C
891200000;C
891210000;C
891210100;C
891210200;C
891210300;C
891210400;C
891210500;C
891210600;C
891219900;C
891220000;C
891220100;C
891220200;D
891240000;C
891240100;C
891240200;C
891250000;C
891250100;C
891250200;C
891290000;C
892000000;C
892100000;C
892200000;C
892300000;C
892400000;C
892500000;C
892600000;C
892700000;C
892800000;C
892900000;C
892910000;C
892910100;C
892910200;C
892910400;C
892910500;C
892910600;C
892919900;C
895000000;C
895100000;C
895110000;C
895120000;C
899000000;C
